K,n,base,gap,method,coverage,coverage_mcse,excl0,excl0_mcse,width,undefined,excl_point,ms_per_dataset,nan_rep_share,reject,reject_mcse
2,30,0.1,0.0,M0 pct unstratified,0.368,0.021567382780485908,0.632,0.021567382780485908,0.21405177206858708,0.0,0.056,0.3626984999937122,,,
2,30,0.1,0.0,M5a BCa as-is (M0 reps),0.618,0.02172905888436036,0.382,0.02172905888436036,0.16479772176060328,0.0,0.0,0.4110925839995616,,,
2,30,0.1,0.0,M5b BCa drop-NaN (M0 reps),0.618,0.02172905888436036,0.382,0.02172905888436036,0.16479772176060328,0.0,0.0,0.40953866799827665,0.0,,
2,30,0.1,0.0,M1 pct stratified,0.934,0.01110351295761841,0.066,0.011103512957618413,0.21130333333333332,0.0,0.0,0.17907583200576482,,,
2,30,0.1,0.0,M5c BCa (M1 reps),0.94,0.010620734437881408,0.06,0.010620734437881401,0.14580827429815826,0.0,0.0,0.16878233400348108,,,
2,30,0.1,0.0,M2a simult. Bonferroni-AC,0.986,0.0052543315464481325,0.014,0.00525433154644813,0.2171893706937534,0.0,0.0,0.0007418339955620468,,,
2,30,0.1,0.0,M2b simult. boot max-|t|,0.98,0.006260990336999414,0.02,0.006260990336999411,0.2072833333333333,0.0,0.0,0.16220216600049753,,,
2,30,0.1,0.0,M4 m-out-of-n (n^0.7),0.992,0.003983967871356396,0.008,0.003983967871356395,0.09939001448385969,0.0,0.0,0.12982691599609097,,,
2,30,0.1,0.0,M3 perm test (gap stat),,,,,,,,0.14977566600282444,,0.006,0.0034536936748935914
2,30,0.1,0.0,M3 perm test (chi2 stat),,,,,,,,0.14977566600282444,,0.006,0.0034536936748935914
2,30,0.1,0.02,M0 pct unstratified,0.946,0.010107818755794947,0.71,0.020292855885754475,0.22090721550439724,0.0,0.068,0.3575093339968589,,,
2,30,0.1,0.02,M5a BCa as-is (M0 reps),0.764,0.018989681408596616,0.394,0.021852414054287,0.16773060192974748,0.0,0.0,0.40401583399943775,,,
2,30,0.1,0.02,M5b BCa drop-NaN (M0 reps),0.764,0.018989681408596616,0.394,0.021852414054287,0.16773060192974748,0.0,0.0,0.40345225000055507,0.0,,
2,30,0.1,0.02,M1 pct stratified,0.936,0.01094568408095172,0.064,0.010945684080951725,0.21929666666666664,0.0,0.0,0.19770966799842427,,,
2,30,0.1,0.02,M5c BCa (M1 reps),0.776,0.018645321128905233,0.062,0.010784804124322332,0.14927074268024199,0.0,0.0,0.18746475000079954,,,
2,30,0.1,0.02,M2a simult. Bonferroni-AC,0.99,0.0044497190922574,0.03,0.00762889244910426,0.22290831820210394,0.0,0.0,0.00027858199609909207,,,
2,30,0.1,0.02,M2b simult. boot max-|t|,0.966,0.008104813384649892,0.034,0.008104813384649889,0.21404666666666664,0.0,0.0,0.18046391799725825,,,
2,30,0.1,0.02,M4 m-out-of-n (n^0.7),0.81,0.01754422982065613,0.024,0.00684455988358638,0.10026751683643305,0.0,0.0,0.1501237500051502,,,
2,30,0.1,0.02,M3 perm test (gap stat),,,,,,,,0.15538591599761276,,0.012,0.004869496893930624
2,30,0.1,0.02,M3 perm test (chi2 stat),,,,,,,,0.15538591599761276,,0.012,0.004869496893930624
2,30,0.1,0.05,M0 pct unstratified,0.97,0.007628892449104264,0.792,0.018151363585141474,0.24225457456466956,0.0,0.054,0.5511048319967813,,,
2,30,0.1,0.05,M5a BCa as-is (M0 reps),0.854,0.015791390059142988,0.454,0.022265848288354075,0.1966980380481429,0.0,0.0,0.6017740819952451,,,
2,30,0.1,0.05,M5b BCa drop-NaN (M0 reps),0.854,0.015791390059142988,0.454,0.022265848288354075,0.1966980380481429,0.0,0.0,0.6027938340048422,0.0,,
2,30,0.1,0.05,M1 pct stratified,0.972,0.0073778045514909145,0.106,0.013766916866168693,0.24138499999999996,0.0,0.0,0.20648808399710106,,,
2,30,0.1,0.05,M5c BCa (M1 reps),0.824,0.017030795636141023,0.112,0.014103616557464968,0.1771077525814026,0.0,0.0,0.19912533399474341,,,
2,30,0.1,0.05,M2a simult. Bonferroni-AC,0.982,0.005945754788082,0.062,0.010784804124322332,0.24441401692434916,0.0,0.0,0.00028266599838389084,,,
2,30,0.1,0.05,M2b simult. boot max-|t|,0.974,0.007116740827092135,0.058,0.010453324829928513,0.23896666666666663,0.0,0.0,0.1972305020026397,,,
2,30,0.1,0.05,M4 m-out-of-n (n^0.7),0.874,0.01484075469779081,0.052,0.00992935043192655,0.12449412908518195,0.0,0.0,0.15809900000022026,,,
2,30,0.1,0.05,M3 perm test (gap stat),,,,,,,,0.1534955000024638,,0.032,0.007870959280799261
2,30,0.1,0.05,M3 perm test (chi2 stat),,,,,,,,0.1534955000024638,,0.032,0.007870959280799261
2,30,0.1,0.1,M0 pct unstratified,0.968,0.007870959280799264,0.914,0.01253826144248077,0.2746697694807565,0.0,0.05,0.43472058400220703,,,
2,30,0.1,0.1,M5a BCa as-is (M0 reps),0.896,0.013651666564928987,0.622,0.02168483340955148,0.240900973026726,0.0,0.0,0.485106166008336,,,
2,30,0.1,0.1,M5b BCa drop-NaN (M0 reps),0.896,0.013651666564928987,0.622,0.02168483340955148,0.240900973026726,0.0,0.0,0.4901980840077158,0.0,,
2,30,0.1,0.1,M1 pct stratified,0.98,0.006260990336999414,0.244,0.019207498535728174,0.27472833333333335,0.0,0.0,0.2209705839995877,,,
2,30,0.1,0.1,M5c BCa (M1 reps),0.806,0.017684117167673367,0.216,0.01840347793217358,0.2229996202709566,0.0,0.0,0.2099070840049535,,,
2,30,0.1,0.1,M2a simult. Bonferroni-AC,0.99,0.0044497190922574,0.154,0.01614211882003103,0.2778998374079533,0.0,0.0,0.00032733399712014943,,,
2,30,0.1,0.1,M2b simult. boot max-|t|,0.986,0.0052543315464481325,0.166,0.016639951923007473,0.27244999999999997,0.0,0.0,0.2027274999927613,,,
2,30,0.1,0.1,M4 m-out-of-n (n^0.7),0.748,0.019416281827373642,0.144,0.01570121014444428,0.17005801110817617,0.0,0.0,0.15754883200133918,,,
2,30,0.1,0.1,M3 perm test (gap stat),,,,,,,,0.1533993340053712,,0.106,0.013766916866168693
2,30,0.1,0.1,M3 perm test (chi2 stat),,,,,,,,0.1533993340053712,,0.106,0.013766916866168693
2,30,0.1,0.2,M0 pct unstratified,0.972,0.0073778045514909145,0.976,0.006844559883586383,0.34758840797997936,0.0,0.01,0.3995003320014803,,,
2,30,0.1,0.2,M5a BCa as-is (M0 reps),0.938,0.010784804124322337,0.9,0.013416407864998736,0.33815818099433703,0.0,0.0,0.44998458200279856,,,
2,30,0.1,0.2,M5b BCa drop-NaN (M0 reps),0.938,0.010784804124322337,0.9,0.013416407864998736,0.33815818099433703,0.0,0.0,0.456069498002762,0.0,,
2,30,0.1,0.2,M1 pct stratified,0.98,0.006260990336999414,0.586,0.0220274374360705,0.3468633333333333,0.0,0.0,0.23858299999847077,,,
2,30,0.1,0.2,M5c BCa (M1 reps),0.93,0.011410521460476728,0.502,0.02236050088884415,0.3269323774270093,0.0,0.0,0.23087516800296726,,,
2,30,0.1,0.2,M2a simult. Bonferroni-AC,0.98,0.006260990336999414,0.49,0.022356207191739835,0.3510112811007958,0.0,0.0,0.0002728340041358024,,,
2,30,0.1,0.2,M2b simult. boot max-|t|,0.982,0.005945754788082,0.47,0.022320394261750844,0.34966666666666657,0.0,0.0,0.2207905839968589,,,
2,30,0.1,0.2,M4 m-out-of-n (n^0.7),0.78,0.018525657883055057,0.472,0.022325590697672478,0.2766964804100488,0.0,0.0,0.1643441679989337,,,
2,30,0.1,0.2,M3 perm test (gap stat),,,,,,,,0.16103075000137324,,0.378,0.02168483340955148
2,30,0.1,0.2,M3 perm test (chi2 stat),,,,,,,,0.16103075000137324,,0.378,0.02168483340955148
2,30,0.5,0.0,M0 pct unstratified,0.056,0.010282412168358162,0.944,0.010282412168358165,0.35330675507679404,0.0,0.09,0.5066787500036298,,,
2,30,0.5,0.0,M5a BCa as-is (M0 reps),0.588,0.02201163328787757,0.412,0.02201163328787757,0.262161298265289,0.0,0.0,0.5711362480069511,,,
2,30,0.5,0.0,M5b BCa drop-NaN (M0 reps),0.588,0.02201163328787757,0.412,0.02201163328787757,0.262161298265289,0.0,0.0,0.5567011640014243,0.0,,
2,30,0.5,0.0,M1 pct stratified,0.9,0.013416407864998736,0.1,0.01341640786499874,0.3520716666666666,0.0,0.0,0.4313839999958873,,,
2,30,0.5,0.0,M5c BCa (M1 reps),0.936,0.01094568408095172,0.064,0.010945684080951725,0.2328744944632859,0.0,0.0,0.42542808198777493,,,
2,30,0.5,0.0,M2a simult. Bonferroni-AC,0.94,0.010620734437881408,0.06,0.010620734437881401,0.3390548986255743,0.0,0.0,0.00023658399732084945,,,
2,30,0.5,0.0,M2b simult. boot max-|t|,0.942,0.010453324829928518,0.058,0.010453324829928513,0.3486699999999999,0.0,0.0,0.41562441799760563,,,
2,30,0.5,0.0,M4 m-out-of-n (n^0.7),0.938,0.010784804124322337,0.062,0.010784804124322332,0.16779353288972595,0.0,0.0,0.18244575000426266,,,
2,30,0.5,0.0,M3 perm test (gap stat),,,,,,,,0.14294258399604587,,0.038,0.00855055553750749
2,30,0.5,0.0,M3 perm test (chi2 stat),,,,,,,,0.14294258399604587,,0.038,0.00855055553750749
2,30,0.5,0.02,M0 pct unstratified,0.926,0.011706750189527404,0.95,0.00974679434480897,0.3491364836412003,0.0,0.096,0.43442674999823794,,,
2,30,0.5,0.02,M5a BCa as-is (M0 reps),0.832,0.01671980861134481,0.376,0.021662132858977667,0.25528945083231863,0.0,0.0,0.4807395000025281,,,
2,30,0.5,0.02,M5b BCa drop-NaN (M0 reps),0.832,0.01671980861134481,0.376,0.021662132858977667,0.25528945083231863,0.0,0.0,0.4809090839989949,0.0,,
2,30,0.5,0.02,M1 pct stratified,0.894,0.013766916866168691,0.106,0.013766916866168693,0.34774333333333324,0.0,0.0,0.3631234999993467,,,
2,30,0.5,0.02,M5c BCa (M1 reps),0.846,0.016142118820031033,0.048,0.009559916317625379,0.22336536204686872,0.0,0.0,0.3545539179976913,,,
2,30,0.5,0.02,M2a simult. Bonferroni-AC,0.972,0.0073778045514909145,0.052,0.00992935043192655,0.3352484720066503,0.0,0.0,0.0002275000006193295,,,
2,30,0.5,0.02,M2b simult. boot max-|t|,0.948,0.009929350431926557,0.052,0.00992935043192655,0.3440766666666666,0.0,0.0,0.3464850000018487,,,
2,30,0.5,0.02,M4 m-out-of-n (n^0.7),0.842,0.016311713582576173,0.052,0.00992935043192655,0.1609297168282351,0.0,0.0,0.1887070840020897,,,
2,30,0.5,0.02,M3 perm test (gap stat),,,,,,,,0.14283616799366428,,0.026,0.007116740827092132
2,30,0.5,0.02,M3 perm test (chi2 stat),,,,,,,,0.14283616799366428,,0.026,0.007116740827092132
2,30,0.5,0.05,M0 pct unstratified,0.962,0.008550555537507495,0.956,0.009172131704244116,0.35729224658432496,0.0,0.066,0.4236403339964454,,,
2,30,0.5,0.05,M5a BCa as-is (M0 reps),0.89,0.013992855319769442,0.454,0.022265848288354075,0.2744858748041478,0.0,0.0,0.47180216800188646,,,
2,30,0.5,0.05,M5b BCa drop-NaN (M0 reps),0.89,0.013992855319769442,0.454,0.022265848288354075,0.2744858748041478,0.0,0.0,0.4757794180040946,0.0,,
2,30,0.5,0.05,M1 pct stratified,0.96,0.008763560920082661,0.146,0.015791390059142988,0.3569416666666666,0.0,0.0,0.28672658200230217,,,
2,30,0.5,0.05,M5c BCa (M1 reps),0.786,0.01834142851579451,0.07,0.011410521460476731,0.24341882400586337,0.0,0.0,0.27991941601067083,,,
2,30,0.5,0.05,M2a simult. Bonferroni-AC,0.976,0.006844559883586383,0.08,0.01213260071048248,0.3448299178631662,0.0,0.0,0.0002400840021437034,,,
2,30,0.5,0.05,M2b simult. boot max-|t|,0.962,0.008550555537507495,0.074,0.011706750189527408,0.3549666666666666,0.0,0.0,0.26783324800635455,,,
2,30,0.5,0.05,M4 m-out-of-n (n^0.7),0.894,0.013766916866168691,0.08,0.01213260071048248,0.17890246490092068,0.0,0.0,0.1860480000032112,,,
2,30,0.5,0.05,M3 perm test (gap stat),,,,,,,,0.14736874999653082,,0.044,0.009172131704244111
2,30,0.5,0.05,M3 perm test (chi2 stat),,,,,,,,0.14736874999653082,,0.044,0.009172131704244111
2,30,0.5,0.1,M0 pct unstratified,0.97,0.007628892449104264,0.96,0.008763560920082661,0.37164619993003506,0.0,0.058,0.42817058399668895,,,
2,30,0.5,0.1,M5a BCa as-is (M0 reps),0.862,0.01542439626046997,0.576,0.022100859711784968,0.3061954712830317,0.0,0.0,0.4751307500046096,,,
2,30,0.5,0.1,M5b BCa drop-NaN (M0 reps),0.862,0.01542439626046997,0.576,0.022100859711784968,0.3061954712830317,0.0,0.0,0.4759879999983241,0.0,,
2,30,0.5,0.1,M1 pct stratified,0.976,0.006844559883586383,0.22,0.018525657883055057,0.372235,0.0,0.0,0.2868745840023621,,,
2,30,0.5,0.1,M5c BCa (M1 reps),0.782,0.018464885594013304,0.134,0.015234434679370286,0.2766562089091684,0.0,0.0,0.28075916600209894,,,
2,30,0.5,0.1,M2a simult. Bonferroni-AC,0.978,0.006559878047646925,0.132,0.01513776733867977,0.36114781713796157,0.0,0.0,0.00024108399520628154,,,
2,30,0.5,0.1,M2b simult. boot max-|t|,0.978,0.006559878047646925,0.128,0.014940950438308804,0.37147333333333327,0.0,0.0,0.2695891679977649,,,
2,30,0.5,0.1,M4 m-out-of-n (n^0.7),0.766,0.01893377933746984,0.128,0.014940950438308804,0.21112948118157143,0.0,0.0,0.1817102499990142,,,
2,30,0.5,0.1,M3 perm test (gap stat),,,,,,,,0.15009316600480815,,0.078,0.011992997957141493
2,30,0.5,0.1,M3 perm test (chi2 stat),,,,,,,,0.15009316600480815,,0.078,0.011992997957141493
2,30,0.5,0.2,M0 pct unstratified,0.968,0.007870959280799264,0.974,0.007116740827092135,0.4034337827025873,0.0,0.03,0.47342200000275625,,,
2,30,0.5,0.2,M5a BCa as-is (M0 reps),0.876,0.014739335127474372,0.76,0.019099738218101316,0.36774062139143243,0.0,0.0,0.5241480819968274,,,
2,30,0.5,0.2,M5b BCa drop-NaN (M0 reps),0.876,0.014739335127474372,0.76,0.019099738218101316,0.36774062139143243,0.0,0.0,0.5257144159986638,0.0,,
2,30,0.5,0.2,M1 pct stratified,0.978,0.006559878047646925,0.482,0.022346185356789647,0.4015183333333333,0.0,0.0,0.29554783400089946,,,
2,30,0.5,0.2,M5c BCa (M1 reps),0.816,0.017328819925199756,0.362,0.021492138097453217,0.34934485947606514,0.0,0.0,0.2953589999960968,,,
2,30,0.5,0.2,M2a simult. Bonferroni-AC,0.98,0.006260990336999414,0.358,0.021439962686534694,0.3961851405317341,0.0,0.0,0.00026625000464264303,,,
2,30,0.5,0.2,M2b simult. boot max-|t|,0.976,0.006844559883586383,0.352,0.02135865164283551,0.40605333333333327,0.0,0.0,0.27848733399878256,,,
2,30,0.5,0.2,M4 m-out-of-n (n^0.7),0.682,0.020826713614970557,0.376,0.021662132858977667,0.28553481212587734,0.0,0.0,0.1967692500038538,,,
2,30,0.5,0.2,M3 perm test (gap stat),,,,,,,,0.15598974999738857,,0.274,0.01994612744369192
2,30,0.5,0.2,M3 perm test (chi2 stat),,,,,,,,0.15598974999738857,,0.274,0.01994612744369192
2,100,0.1,0.0,M0 pct unstratified,0.0,0.0,1.0,0.0,0.11481923503839472,0.0,0.108,0.36807258199405624,,,
2,100,0.1,0.0,M5a BCa as-is (M0 reps),0.418,0.02205792374635473,0.582,0.02205792374635473,0.08574837422043106,0.0,0.0,0.4176972479908727,,,
2,100,0.1,0.0,M5b BCa drop-NaN (M0 reps),0.418,0.02205792374635473,0.582,0.02205792374635473,0.08574837422043106,0.0,0.0,0.41740866599138826,0.0,,
2,100,0.1,0.0,M1 pct stratified,0.884,0.014320893826853127,0.116,0.014320893826853127,0.1160995,0.0,0.0,0.28240933200140717,,,
2,100,0.1,0.0,M5c BCa (M1 reps),0.89,0.013992855319769442,0.11,0.013992855319769442,0.0796654894232916,0.0,0.0,0.2905094979942078,,,
2,100,0.1,0.0,M2a simult. Bonferroni-AC,0.956,0.009172131704244116,0.044,0.009172131704244111,0.11641284195212029,0.0,0.0,0.0003209999995306134,,,
2,100,0.1,0.0,M2b simult. boot max-|t|,0.956,0.009172131704244116,0.044,0.009172131704244111,0.11434599999999998,0.0,0.0,0.2690369159972761,,,
2,100,0.1,0.0,M4 m-out-of-n (n^0.7),0.958,0.00897061870775924,0.042,0.008970618707759236,0.049362,0.0,0.0,0.19112549999408657,,,
2,100,0.1,0.0,M3 perm test (gap stat),,,,,,,,0.14303566600574413,,0.03,0.00762889244910426
2,100,0.1,0.0,M3 perm test (chi2 stat),,,,,,,,0.14303566600574413,,0.03,0.00762889244910426
2,100,0.1,0.02,M0 pct unstratified,0.976,0.006844559883586383,1.0,0.0,0.12137727044847986,0.0,0.068,0.36740375000226777,,,
2,100,0.1,0.02,M5a BCa as-is (M0 reps),0.902,0.013296315279053816,0.632,0.021567382780485908,0.0953443227325547,0.0,0.002,0.4151806660083821,,,
2,100,0.1,0.02,M5b BCa drop-NaN (M0 reps),0.902,0.013296315279053816,0.632,0.021567382780485908,0.0953443227325547,0.0,0.002,0.4179404980095569,0.0,,
2,100,0.1,0.02,M1 pct stratified,0.98,0.006260990336999414,0.132,0.01513776733867977,0.12232249999999999,0.0,0.0,0.28979491800419055,,,
2,100,0.1,0.02,M5c BCa (M1 reps),0.846,0.016142118820031033,0.112,0.014103616557464968,0.08943519914617196,0.0,0.0,0.2861134180056979,,,
2,100,0.1,0.02,M2a simult. Bonferroni-AC,0.984,0.00561141693336006,0.044,0.009172131704244111,0.12305636041860828,0.0,0.0,0.000268584000878036,,,
2,100,0.1,0.02,M2b simult. boot max-|t|,0.984,0.00561141693336006,0.048,0.009559916317625379,0.12126199999999998,0.0,0.0,0.2734215860036784,,,
2,100,0.1,0.02,M4 m-out-of-n (n^0.7),0.76,0.019099738218101316,0.044,0.009172131704244111,0.055003,0.0,0.0,0.17931916599627584,,,
2,100,0.1,0.02,M3 perm test (gap stat),,,,,,,,0.14550391800003126,,0.032,0.007870959280799261
2,100,0.1,0.02,M3 perm test (chi2 stat),,,,,,,,0.14550391800003126,,0.032,0.007870959280799261
2,100,0.1,0.05,M0 pct unstratified,0.968,0.007870959280799264,1.0,0.0,0.13922309300862923,0.0,0.042,0.36831466600415297,,,
2,100,0.1,0.05,M5a BCa as-is (M0 reps),0.818,0.017255491879398864,0.74,0.019616319736382767,0.11980727099061311,0.0,0.0,0.4186627460003365,,,
2,100,0.1,0.05,M5b BCa drop-NaN (M0 reps),0.818,0.017255491879398864,0.74,0.019616319736382767,0.11980727099061311,0.0,0.0,0.43244799799867906,0.0,,
2,100,0.1,0.05,M1 pct stratified,0.98,0.006260990336999414,0.318,0.020826713614970557,0.14022249999999997,0.0,0.0,0.3138931659923401,,,
2,100,0.1,0.05,M5c BCa (M1 reps),0.828,0.0168769665520792,0.298,0.020454632727086544,0.11522398794794615,0.0,0.0,0.31160366599215195,,,
2,100,0.1,0.05,M2a simult. Bonferroni-AC,0.98,0.006260990336999414,0.18,0.017181385275931625,0.14195741874922255,0.0,0.0,0.0002397499993094243,,,
2,100,0.1,0.05,M2b simult. boot max-|t|,0.982,0.005945754788082,0.176,0.01703079563614102,0.14060499999999995,0.0,0.0,0.29822941799648106,,,
2,100,0.1,0.05,M4 m-out-of-n (n^0.7),0.608,0.021832819332372078,0.182,0.01725549187939886,0.07879599999999999,0.0,0.0,0.17461708399787312,,,
2,100,0.1,0.05,M3 perm test (gap stat),,,,,,,,0.14166916599788237,,0.152,0.016055902341506688
2,100,0.1,0.05,M3 perm test (chi2 stat),,,,,,,,0.14166916599788237,,0.152,0.016055902341506688
2,100,0.1,0.1,M0 pct unstratified,0.984,0.00561141693336006,1.0,0.0,0.17559710402718476,0.0,0.004,0.377755834000709,,,
2,100,0.1,0.1,M5a BCa as-is (M0 reps),0.93,0.011410521460476728,0.95,0.00974679434480897,0.171411041814719,0.0,0.0,0.423164829997404,,,
2,100,0.1,0.1,M5b BCa drop-NaN (M0 reps),0.93,0.011410521460476728,0.95,0.00974679434480897,0.171411041814719,0.0,0.0,0.4215972480014898,0.0,,
2,100,0.1,0.1,M1 pct stratified,0.99,0.0044497190922574,0.692,0.020646355610615643,0.175472,0.0,0.0,0.3153678319940809,,,
2,100,0.1,0.1,M5c BCa (M1 reps),0.916,0.012405160216619531,0.656,0.02124448163641561,0.16842557719048362,0.0,0.0,0.31666483199660433,,,
2,100,0.1,0.1,M2a simult. Bonferroni-AC,0.99,0.0044497190922574,0.506,0.02235906974809104,0.17960647058409443,0.0,0.0,0.0006322499975794926,,,
2,100,0.1,0.1,M2b simult. boot max-|t|,0.99,0.0044497190922574,0.488,0.022354238971613417,0.178305,0.0,0.0,0.3053621659928467,,,
2,100,0.1,0.1,M4 m-out-of-n (n^0.7),0.758,0.019153902996517445,0.516,0.022349228174592516,0.131404,0.0,0.0,0.35246591799659654,,,
2,100,0.1,0.1,M3 perm test (gap stat),,,,,,,,0.15257133400154999,,0.452,0.022257403262734853
2,100,0.1,0.1,M3 perm test (chi2 stat),,,,,,,,0.15257133400154999,,0.452,0.022257403262734853
2,100,0.1,0.2,M0 pct unstratified,0.924,0.01185107590052481,1.0,0.0,0.21101986001631515,0.0,0.0,0.376845584003604,,,
2,100,0.1,0.2,M5a BCa as-is (M0 reps),0.92,0.012132600710482479,0.998,0.001997998998998749,0.210816699351681,0.0,0.0,0.42111475199635606,,,
2,100,0.1,0.2,M5b BCa drop-NaN (M0 reps),0.92,0.012132600710482479,0.998,0.001997998998998749,0.210816699351681,0.0,0.0,0.4213316679961281,0.0,,
2,100,0.1,0.2,M1 pct stratified,0.932,0.01125841907196565,0.98,0.006260990336999414,0.21042,0.0,0.0,0.3123350840032799,,,
2,100,0.1,0.2,M5c BCa (M1 reps),0.924,0.01185107590052481,0.966,0.008104813384649892,0.20973804931677656,0.0,0.0,0.310095918001025,,,
2,100,0.1,0.2,M2a simult. Bonferroni-AC,0.922,0.01199299795714149,0.946,0.010107818755794947,0.21286406773348948,0.0,0.0,0.00022808399808127433,,,
2,100,0.1,0.2,M2b simult. boot max-|t|,0.932,0.01125841907196565,0.932,0.01125841907196565,0.21155799999999994,0.0,0.0,0.2917445840066648,,,
2,100,0.1,0.2,M4 m-out-of-n (n^0.7),0.832,0.01671980861134481,0.942,0.010453324829928518,0.192653,0.0,0.0,0.19970550000289222,,,
2,100,0.1,0.2,M3 perm test (gap stat),,,,,,,,0.13188416800403502,,0.924,0.01185107590052481
2,100,0.1,0.2,M3 perm test (chi2 stat),,,,,,,,0.13188416800403502,,0.924,0.01185107590052481
2,100,0.5,0.0,M0 pct unstratified,0.0,0.0,1.0,0.0,0.19107248525941742,0.0,0.044,0.3049780839937739,,,
2,100,0.5,0.0,M5a BCa as-is (M0 reps),0.396,0.02187162545399861,0.604,0.02187162545399861,0.1406757575515162,0.0,0.0,0.35081533199263504,,,
2,100,0.5,0.0,M5b BCa drop-NaN (M0 reps),0.396,0.02187162545399861,0.604,0.02187162545399861,0.1406757575515162,0.0,0.0,0.3487629979936173,0.0,,
2,100,0.5,0.0,M1 pct stratified,0.804,0.01775297158224504,0.196,0.01775297158224504,0.19190199999999996,0.0,0.0,0.2417793319982593,,,
2,100,0.5,0.0,M5c BCa (M1 reps),0.842,0.016311713582576173,0.158,0.01631171358257617,0.13427714563025,0.0,0.0,0.24495433200354455,,,
2,100,0.5,0.0,M2a simult. Bonferroni-AC,0.948,0.009929350431926557,0.052,0.00992935043192655,0.1892804522055091,0.0,0.0,0.00028174999897601083,,,
2,100,0.5,0.0,M2b simult. boot max-|t|,0.958,0.00897061870775924,0.042,0.008970618707759236,0.190975,0.0,0.0,0.2253418319960474,,,
2,100,0.5,0.0,M4 m-out-of-n (n^0.7),0.948,0.009929350431926557,0.052,0.00992935043192655,0.08078400000000001,0.0,0.0,0.2612315000005765,,,
2,100,0.5,0.0,M3 perm test (gap stat),,,,,,,,0.14182250000158092,,0.036,0.008331146379700696
2,100,0.5,0.0,M3 perm test (chi2 stat),,,,,,,,0.14182250000158092,,0.036,0.008331146379700696
2,100,0.5,0.02,M0 pct unstratified,0.96,0.008763560920082661,1.0,0.0,0.19292835694162225,0.0,0.058,0.36490341799799353,,,
2,100,0.5,0.02,M5a BCa as-is (M0 reps),0.898,0.013534843922262271,0.61,0.02181284025522582,0.144264937995857,0.0,0.0,0.40958133199455915,,,
2,100,0.5,0.02,M5b BCa drop-NaN (M0 reps),0.898,0.013534843922262271,0.61,0.02181284025522582,0.144264937995857,0.0,0.0,0.41026916599366814,0.0,,
2,100,0.5,0.02,M1 pct stratified,0.968,0.007870959280799264,0.222,0.018585801031970616,0.1940255,0.0,0.0,0.2313570839978638,,,
2,100,0.5,0.02,M5c BCa (M1 reps),0.836,0.0165592270351004,0.172,0.0168769665520792,0.13795978240402534,0.0,0.0,0.23297199999069562,,,
2,100,0.5,0.02,M2a simult. Bonferroni-AC,0.966,0.008104813384649892,0.062,0.010784804124322332,0.1911696560790549,0.0,0.0,0.0002604179971967824,,,
2,100,0.5,0.02,M2b simult. boot max-|t|,0.972,0.0073778045514909145,0.054,0.010107818755794942,0.193088,0.0,0.0,0.21379724999860628,,,
2,100,0.5,0.02,M4 m-out-of-n (n^0.7),0.806,0.017684117167673367,0.06,0.010620734437881401,0.08419499999999999,0.0,0.0,0.2571030840044841,,,
2,100,0.5,0.02,M3 perm test (gap stat),,,,,,,,0.13537758399615996,,0.042,0.008970618707759236
2,100,0.5,0.02,M3 perm test (chi2 stat),,,,,,,,0.13537758399615996,,0.042,0.008970618707759236
2,100,0.5,0.05,M0 pct unstratified,0.976,0.006844559883586383,1.0,0.0,0.20072519162634558,0.0,0.05,0.306567168001493,,,
2,100,0.5,0.05,M5a BCa as-is (M0 reps),0.848,0.01605590234150669,0.676,0.020929596269398033,0.15994771276641812,0.0,0.0,0.35121191600046586,,,
2,100,0.5,0.05,M5b BCa drop-NaN (M0 reps),0.848,0.01605590234150669,0.676,0.020929596269398033,0.15994771276641812,0.0,0.0,0.35121049999725074,0.0,,
2,100,0.5,0.05,M1 pct stratified,0.988,0.004869496893930627,0.306,0.020608930103234373,0.20163649999999997,0.0,0.0,0.23612675000185845,,,
2,100,0.5,0.05,M5c BCa (M1 reps),0.856,0.015701210144444283,0.252,0.019416281827373642,0.15417577689203574,0.0,0.0,0.23832508199848235,,,
2,100,0.5,0.05,M2a simult. Bonferroni-AC,0.976,0.006844559883586383,0.116,0.014320893826853127,0.19993250318001912,0.0,0.0,0.00024033400404732674,,,
2,100,0.5,0.05,M2b simult. boot max-|t|,0.982,0.005945754788082,0.09,0.012798437404620925,0.20195099999999996,0.0,0.0,0.21988858199620154,,,
2,100,0.5,0.05,M4 m-out-of-n (n^0.7),0.664,0.02112363605064242,0.114,0.014212951839783319,0.098447,0.0,0.0,0.25792324999929406,,,
2,100,0.5,0.05,M3 perm test (gap stat),,,,,,,,0.13367008399654878,,0.082,0.012269963325128565
2,100,0.5,0.05,M3 perm test (chi2 stat),,,,,,,,0.13367008399654878,,0.082,0.012269963325128565
2,100,0.5,0.1,M0 pct unstratified,0.968,0.007870959280799264,1.0,0.0,0.22421789093759287,0.0,0.026,0.3157619159974274,,,
2,100,0.5,0.1,M5a BCa as-is (M0 reps),0.85,0.015968719422671314,0.854,0.015791390059142988,0.2039458306205128,0.0,0.0,0.3681729979944066,,,
2,100,0.5,0.1,M5b BCa drop-NaN (M0 reps),0.85,0.015968719422671314,0.854,0.015791390059142988,0.2039458306205128,0.0,0.0,0.363387163997686,0.0,,
2,100,0.5,0.1,M1 pct stratified,0.972,0.0073778045514909145,0.594,0.021961967125009547,0.224044,0.0,0.0,0.23912941599701298,,,
2,100,0.5,0.1,M5c BCa (M1 reps),0.848,0.01605590234150669,0.482,0.022346185356789647,0.19896516813984494,0.0,0.0,0.24251858200295828,,,
2,100,0.5,0.1,M2a simult. Bonferroni-AC,0.97,0.007628892449104264,0.32,0.020861447696648473,0.22572756919051318,0.0,0.0,0.0002765000026556663,,,
2,100,0.5,0.1,M2b simult. boot max-|t|,0.97,0.007628892449104264,0.296,0.02041489652190282,0.22759299999999996,0.0,0.0,0.22178316799545428,,,
2,100,0.5,0.1,M4 m-out-of-n (n^0.7),0.668,0.02106067425321421,0.32,0.020861447696648473,0.14332999999999999,0.0,0.0,0.25318049999623327,,,
2,100,0.5,0.1,M3 perm test (gap stat),,,,,,,,0.1291205000015907,,0.272,0.019900552756142227
2,100,0.5,0.1,M3 perm test (chi2 stat),,,,,,,,0.1291205000015907,,0.272,0.019900552756142227
2,100,0.5,0.2,M0 pct unstratified,0.95,0.00974679434480897,1.0,0.0,0.25493034896088357,0.0,0.002,0.35397625000041444,,,
2,100,0.5,0.2,M5a BCa as-is (M0 reps),0.942,0.010453324829928518,0.99,0.0044497190922574,0.25348113897899327,0.0,0.0,0.3992990839979029,,,
2,100,0.5,0.2,M5b BCa drop-NaN (M0 reps),0.942,0.010453324829928518,0.99,0.0044497190922574,0.25348113897899327,0.0,0.0,0.3979779180008336,0.0,,
2,100,0.5,0.2,M1 pct stratified,0.956,0.009172131704244116,0.944,0.010282412168358165,0.25404899999999997,0.0,0.0,0.2993374159996165,,,
2,100,0.5,0.2,M5c BCa (M1 reps),0.942,0.010453324829928518,0.912,0.012669333052690657,0.2512385375986769,0.0,0.0,0.3039242499944521,,,
2,100,0.5,0.2,M2a simult. Bonferroni-AC,0.952,0.009559916317625384,0.83,0.016798809481626965,0.2557514196970226,0.0,0.0,0.00024616799782961607,,,
2,100,0.5,0.2,M2b simult. boot max-|t|,0.954,0.009368457717255283,0.818,0.017255491879398864,0.25675,0.0,0.0,0.2811140819976572,,,
2,100,0.5,0.2,M4 m-out-of-n (n^0.7),0.812,0.017473179447370188,0.826,0.016954291492126707,0.21473000000000003,0.0,0.0,0.24466449999454198,,,
2,100,0.5,0.2,M3 perm test (gap stat),,,,,,,,0.12930391800182406,,0.774,0.01870422412183943
2,100,0.5,0.2,M3 perm test (chi2 stat),,,,,,,,0.12930391800182406,,0.774,0.01870422412183943
2,1000,0.1,0.0,M0 pct unstratified,0.0,0.0,1.0,0.0,0.03690766311231024,0.0,0.028,0.2488209180010017,,,
2,1000,0.1,0.0,M5a BCa as-is (M0 reps),0.052,0.00992935043192655,0.948,0.009929350431926557,0.028490721306546375,0.0,0.012,0.4320907500150497,,,
2,1000,0.1,0.0,M5b BCa drop-NaN (M0 reps),0.052,0.00992935043192655,0.948,0.009929350431926557,0.028490721306546375,0.0,0.012,0.3240595020179171,0.0,,
2,1000,0.1,0.0,M1 pct stratified,0.362,0.021492138097453217,0.638,0.021492138097453217,0.03694485,0.0,0.004,0.20070600200415356,,,
2,1000,0.1,0.0,M5c BCa (M1 reps),0.678,0.020895741192884256,0.322,0.020895741192884256,0.02785771519838749,0.0,0.0,0.20698400201217737,,,
2,1000,0.1,0.0,M2a simult. Bonferroni-AC,0.948,0.009929350431926557,0.052,0.00992935043192655,0.03724086813384224,0.0,0.0,0.00024933400709414855,,,
2,1000,0.1,0.0,M2b simult. boot max-|t|,0.954,0.009368457717255283,0.046,0.00936845771725528,0.0371037,0.0,0.0,0.18850266800291138,,,
2,1000,0.1,0.0,M4 m-out-of-n (n^0.7),0.95,0.00974679434480897,0.05,0.009746794344808964,0.014879901027714108,0.0,0.0,0.2736030820015003,,,
2,1000,0.1,0.0,M3 perm test (gap stat),,,,,,,,0.14168449999851873,,0.042,0.008970618707759236
2,1000,0.1,0.0,M3 perm test (chi2 stat),,,,,,,,0.14168449999851873,,0.042,0.008970618707759236
2,1000,0.1,0.02,M0 pct unstratified,0.978,0.006559878047646925,1.0,0.0,0.04454591782166753,0.0,0.016,0.24416716599807842,,,
2,1000,0.1,0.02,M5a BCa as-is (M0 reps),0.83,0.016798809481626965,0.966,0.008104813384649892,0.039913914960661476,0.0,0.008,0.2902224999925238,,,
2,1000,0.1,0.02,M5b BCa drop-NaN (M0 reps),0.83,0.016798809481626965,0.966,0.008104813384649892,0.039913914960661476,0.0,0.008,0.28728374999627704,0.0,,
2,1000,0.1,0.02,M1 pct stratified,0.978,0.006559878047646925,0.862,0.01542439626046997,0.044440249999999994,0.0,0.008,0.1992696680026711,,,
2,1000,0.1,0.02,M5c BCa (M1 reps),0.826,0.016954291492126707,0.648,0.02135865164283551,0.039353157886652966,0.0,0.0,0.20970249999663793,,,
2,1000,0.1,0.02,M2a simult. Bonferroni-AC,0.978,0.006559878047646925,0.276,0.01999119806314769,0.04527125769975358,0.0,0.0,0.00024500000290572643,,,
2,1000,0.1,0.02,M2b simult. boot max-|t|,0.976,0.006844559883586383,0.272,0.019900552756142227,0.0451882,0.0,0.0,0.18107424999470823,,,
2,1000,0.1,0.02,M4 m-out-of-n (n^0.7),0.6,0.021908902300206645,0.294,0.02037469018169356,0.02489284328452107,0.0,0.0,0.2866459159995429,,,
2,1000,0.1,0.02,M3 perm test (gap stat),,,,,,,,0.14581316600379068,,0.254,0.019467100451787882
2,1000,0.1,0.02,M3 perm test (chi2 stat),,,,,,,,0.14581316600379068,,0.254,0.019467100451787882
2,1000,0.1,0.05,M0 pct unstratified,0.938,0.010784804124322337,1.0,0.0,0.05655877244920043,0.0,0.0,0.24540433399670292,,,
2,1000,0.1,0.05,M5a BCa as-is (M0 reps),0.938,0.010784804124322337,1.0,0.0,0.05650170350917656,0.0,0.0,0.2892394179943949,,,
2,1000,0.1,0.05,M5b BCa drop-NaN (M0 reps),0.938,0.010784804124322337,1.0,0.0,0.05650170350917656,0.0,0.0,0.29035975000442704,0.0,,
2,1000,0.1,0.05,M1 pct stratified,0.94,0.010620734437881408,0.998,0.001997998998998749,0.056655000000000004,0.0,0.0,0.19455908400414046,,,
2,1000,0.1,0.05,M5c BCa (M1 reps),0.94,0.010620734437881408,0.992,0.003983967871356396,0.056553939907972105,0.0,0.0,0.20891091600060463,,,
2,1000,0.1,0.05,M2a simult. Bonferroni-AC,0.94,0.010620734437881408,0.924,0.01185107590052481,0.05714152160471865,0.0,0.0,0.0002404160040896386,,,
2,1000,0.1,0.05,M2b simult. boot max-|t|,0.942,0.010453324829928518,0.918,0.012269963325128561,0.05705999999999999,0.0,0.0,0.17691491800360382,,,
2,1000,0.1,0.05,M4 m-out-of-n (n^0.7),0.814,0.017401379255679708,0.916,0.012405160216619531,0.04521419412267523,0.0,0.0,0.3041545839951141,,,
2,1000,0.1,0.05,M3 perm test (gap stat),,,,,,,,0.16220650000468595,,0.914,0.01253826144248077
2,1000,0.1,0.05,M3 perm test (chi2 stat),,,,,,,,0.16220650000468595,,0.914,0.01253826144248077
2,1000,0.1,0.1,M0 pct unstratified,0.94,0.010620734437881408,1.0,0.0,0.0616565203043502,0.0,0.0,0.23853999999846565,,,
2,1000,0.1,0.1,M5a BCa as-is (M0 reps),0.936,0.01094568408095172,1.0,0.0,0.061678466818887584,0.0,0.0,0.2837846679976792,,,
2,1000,0.1,0.1,M5b BCa drop-NaN (M0 reps),0.936,0.01094568408095172,1.0,0.0,0.061678466818887584,0.0,0.0,0.28125241799716605,0.0,,
2,1000,0.1,0.1,M1 pct stratified,0.942,0.010453324829928518,1.0,0.0,0.061656050000000004,0.0,0.0,0.19130508200032637,,,
2,1000,0.1,0.1,M5c BCa (M1 reps),0.94,0.010620734437881408,1.0,0.0,0.061631620552287165,0.0,0.0,0.20475458200235153,,,
2,1000,0.1,0.1,M2a simult. Bonferroni-AC,0.944,0.010282412168358165,1.0,0.0,0.06201238026450703,0.0,0.0,0.00023141799465520307,,,
2,1000,0.1,0.1,M2b simult. boot max-|t|,0.944,0.010282412168358165,1.0,0.0,0.06172819999999999,0.0,0.0,0.17355033399508102,,,
2,1000,0.1,0.1,M4 m-out-of-n (n^0.7),0.892,0.013880633991284403,1.0,0.0,0.059780295899712156,0.0,0.0,0.333934167996631,,,
2,1000,0.1,0.1,M3 perm test (gap stat),,,,,,,,0.15777291799895465,,1.0,0.0
2,1000,0.1,0.1,M3 perm test (chi2 stat),,,,,,,,0.15777291799895465,,1.0,0.0
2,1000,0.1,0.2,M0 pct unstratified,0.954,0.009368457717255283,1.0,0.0,0.06745971658044907,0.0,0.0,0.2411800839981879,,,
2,1000,0.1,0.2,M5a BCa as-is (M0 reps),0.954,0.009368457717255283,1.0,0.0,0.06741602893680487,0.0,0.0,0.2848603340025875,,,
2,1000,0.1,0.2,M5b BCa drop-NaN (M0 reps),0.954,0.009368457717255283,1.0,0.0,0.06741602893680487,0.0,0.0,0.285709917996428,0.0,,
2,1000,0.1,0.2,M1 pct stratified,0.956,0.009172131704244116,1.0,0.0,0.06741164999999998,0.0,0.0,0.1872365820017876,,,
2,1000,0.1,0.2,M5c BCa (M1 reps),0.954,0.009368457717255283,1.0,0.0,0.06740482511664923,0.0,0.0,0.2004329159972258,,,
2,1000,0.1,0.2,M2a simult. Bonferroni-AC,0.962,0.008550555537507495,1.0,0.0,0.06786836280534371,0.0,0.0,0.00023441600205842406,,,
2,1000,0.1,0.2,M2b simult. boot max-|t|,0.964,0.008331146379700699,1.0,0.0,0.06754639999999999,0.0,0.0,0.17127674800576642,,,
2,1000,0.1,0.2,M4 m-out-of-n (n^0.7),0.956,0.009172131704244116,1.0,0.0,0.06766952914951796,0.0,0.0,0.25718758199946024,,,
2,1000,0.1,0.2,M3 perm test (gap stat),,,,,,,,0.164701084002445,,1.0,0.0
2,1000,0.1,0.2,M3 perm test (chi2 stat),,,,,,,,0.164701084002445,,1.0,0.0
2,1000,0.5,0.0,M0 pct unstratified,0.0,0.0,1.0,0.0,0.06037247694276635,0.0,0.022,0.21711391599819763,,,
2,1000,0.5,0.0,M5a BCa as-is (M0 reps),0.038,0.00855055553750749,0.962,0.008550555537507495,0.044934777052791454,0.0,0.016,0.261377579990949,,,
2,1000,0.5,0.0,M5b BCa drop-NaN (M0 reps),0.038,0.00855055553750749,0.962,0.008550555537507495,0.044934777052791454,0.0,0.016,0.2619662479919498,0.0,,
2,1000,0.5,0.0,M1 pct stratified,0.01,0.0044497190922573975,0.99,0.0044497190922574,0.06041315000000001,0.0,0.02,0.1668610000051558,,,
2,1000,0.5,0.0,M5c BCa (M1 reps),0.618,0.02172905888436036,0.382,0.02172905888436036,0.04390614269305883,0.0,0.03,0.1744123319949722,,,
2,1000,0.5,0.0,M2a simult. Bonferroni-AC,0.95,0.00974679434480897,0.05,0.009746794344808964,0.06070004636331052,0.0,0.0,0.0002368339992244728,,,
2,1000,0.5,0.0,M2b simult. boot max-|t|,0.954,0.009368457717255283,0.046,0.00936845771725528,0.06069550000000003,0.0,0.0,0.15069366600801004,,,
2,1000,0.5,0.0,M4 m-out-of-n (n^0.7),0.944,0.010282412168358165,0.056,0.010282412168358162,0.023144634582598137,0.0,0.0,0.20112225000048056,,,
2,1000,0.5,0.0,M3 perm test (gap stat),,,,,,,,0.16658133400051156,,0.046,0.00936845771725528
2,1000,0.5,0.0,M3 perm test (chi2 stat),,,,,,,,0.16658133400051156,,0.046,0.00936845771725528
2,1000,0.5,0.02,M0 pct unstratified,0.972,0.0073778045514909145,1.0,0.0,0.06492623914018014,0.0,0.016,0.22200449999945704,,,
2,1000,0.5,0.02,M5a BCa as-is (M0 reps),0.804,0.01775297158224504,0.97,0.007628892449104264,0.052639564266773395,0.0,0.012,0.26600116399640683,,,
2,1000,0.5,0.02,M5b BCa drop-NaN (M0 reps),0.804,0.01775297158224504,0.97,0.007628892449104264,0.052639564266773395,0.0,0.012,0.2646884979985771,0.0,,
2,1000,0.5,0.02,M1 pct stratified,0.97,0.007628892449104264,0.996,0.002822764602300377,0.0648382,0.0,0.012,0.16617258199403295,,,
2,1000,0.5,0.02,M5c BCa (M1 reps),0.796,0.018021320706318945,0.532,0.022314838112789434,0.051566391551356436,0.0,0.034,0.17319824799051275,,,
2,1000,0.5,0.02,M2a simult. Bonferroni-AC,0.97,0.007628892449104264,0.162,0.016477621187537962,0.06569649589861569,0.0,0.0,0.0002343340020161122,,,
2,1000,0.5,0.02,M2b simult. boot max-|t|,0.972,0.0073778045514909145,0.15,0.015968719422671314,0.06558310000000003,0.0,0.0,0.1500574159945245,,,
2,1000,0.5,0.02,M4 m-out-of-n (n^0.7),0.578,0.02208691920571993,0.16,0.016395121225535356,0.03032317003865738,0.0,0.0,0.2036173320011585,,,
2,1000,0.5,0.02,M3 perm test (gap stat),,,,,,,,0.16236533199844416,,0.146,0.015791390059142988
2,1000,0.5,0.02,M3 perm test (chi2 stat),,,,,,,,0.16236533199844416,,0.146,0.015791390059142988
2,1000,0.5,0.05,M0 pct unstratified,0.958,0.00897061870775924,1.0,0.0,0.0802183773897124,0.0,0.0,0.21684641599858878,,,
2,1000,0.5,0.05,M5a BCa as-is (M0 reps),0.914,0.01253826144248077,0.998,0.001997998998998749,0.07854897454532075,0.0,0.0,0.260961252002744,,,
2,1000,0.5,0.05,M5b BCa drop-NaN (M0 reps),0.914,0.01253826144248077,0.998,0.001997998998998749,0.07854897454532075,0.0,0.0,0.2616218340044725,0.0,,
2,1000,0.5,0.05,M1 pct stratified,0.96,0.008763560920082661,1.0,0.0,0.07988894999999997,0.0,0.0,0.16559716600022512,,,
2,1000,0.5,0.05,M5c BCa (M1 reps),0.918,0.012269963325128561,0.916,0.012405160216619531,0.07792226344047559,0.0,0.004,0.17797591799899237,,,
2,1000,0.5,0.05,M2a simult. Bonferroni-AC,0.946,0.010107818755794947,0.624,0.021662132858977667,0.0815891011861875,0.0,0.0,0.0002575000034994446,,,
2,1000,0.5,0.05,M2b simult. boot max-|t|,0.954,0.009368457717255283,0.612,0.021792475765731623,0.08135629999999998,0.0,0.0,0.14973658400413115,,,
2,1000,0.5,0.05,M4 m-out-of-n (n^0.7),0.714,0.020209106858047932,0.616,0.02175058619899703,0.05537976504268489,0.0,0.0,0.20647724999435013,,,
2,1000,0.5,0.05,M3 perm test (gap stat),,,,,,,,0.16488641600153642,,0.598,0.021926969694875762
2,1000,0.5,0.05,M3 perm test (chi2 stat),,,,,,,,0.16488641600153642,,0.598,0.021926969694875762
2,1000,0.5,0.1,M0 pct unstratified,0.958,0.00897061870775924,1.0,0.0,0.0862316037002929,0.0,0.0,0.21746716600318905,,,
2,1000,0.5,0.1,M5a BCa as-is (M0 reps),0.956,0.009172131704244116,1.0,0.0,0.0862417502742097,0.0,0.0,0.2617706660021213,,,
2,1000,0.5,0.1,M5b BCa drop-NaN (M0 reps),0.956,0.009172131704244116,1.0,0.0,0.0862417502742097,0.0,0.0,0.2618125000008149,0.0,,
2,1000,0.5,0.1,M1 pct stratified,0.968,0.007870959280799264,1.0,0.0,0.08607635000000002,0.0,0.0,0.16855916599888587,,,
2,1000,0.5,0.1,M5c BCa (M1 reps),0.958,0.00897061870775924,1.0,0.0,0.08615442747506634,0.0,0.0,0.17880058199807536,,,
2,1000,0.5,0.1,M2a simult. Bonferroni-AC,0.962,0.008550555537507495,0.996,0.002822764602300377,0.08666346606422047,0.0,0.0,0.0002526660027797334,,,
2,1000,0.5,0.1,M2b simult. boot max-|t|,0.966,0.008104813384649892,0.996,0.002822764602300377,0.0864015,0.0,0.0,0.15179783399798907,,,
2,1000,0.5,0.1,M4 m-out-of-n (n^0.7),0.848,0.01605590234150669,0.996,0.002822764602300377,0.07485155505450565,0.0,0.0,0.2065885000047274,,,
2,1000,0.5,0.1,M3 perm test (gap stat),,,,,,,,0.16741524999815738,,0.996,0.002822764602300377
2,1000,0.5,0.1,M3 perm test (chi2 stat),,,,,,,,0.16741524999815738,,0.996,0.002822764602300377
2,1000,0.5,0.2,M0 pct unstratified,0.956,0.009172131704244116,1.0,0.0,0.08380552279152548,0.0,0.0,0.30081583399442025,,,
2,1000,0.5,0.2,M5a BCa as-is (M0 reps),0.958,0.00897061870775924,1.0,0.0,0.08374953288040454,0.0,0.0,0.368950752003002,,,
2,1000,0.5,0.2,M5b BCa drop-NaN (M0 reps),0.958,0.00897061870775924,1.0,0.0,0.08374953288040454,0.0,0.0,0.34642266799346544,0.0,,
2,1000,0.5,0.2,M1 pct stratified,0.954,0.009368457717255283,1.0,0.0,0.08356119999999999,0.0,0.0,0.17247366600349778,,,
2,1000,0.5,0.2,M5c BCa (M1 reps),0.954,0.009368457717255283,1.0,0.0,0.08356045097721983,0.0,0.0,0.1882300840006792,,,
2,1000,0.5,0.2,M2a simult. Bonferroni-AC,0.956,0.009172131704244116,1.0,0.0,0.08397909626785739,0.0,0.0,0.00023516600049333647,,,
2,1000,0.5,0.2,M2b simult. boot max-|t|,0.956,0.009172131704244116,1.0,0.0,0.08378939999999997,0.0,0.0,0.15413833200000226,,,
2,1000,0.5,0.2,M4 m-out-of-n (n^0.7),0.95,0.00974679434480897,1.0,0.0,0.08374394049732697,0.0,0.0,0.21611366599972825,,,
2,1000,0.5,0.2,M3 perm test (gap stat),,,,,,,,0.16223191599419806,,1.0,0.0
2,1000,0.5,0.2,M3 perm test (chi2 stat),,,,,,,,0.16223191599419806,,1.0,0.0
2,unequal,0.1,0.0,M0 pct unstratified,0.0,0.0,1.0,0.0,0.13683386527730823,0.0,0.058,0.3599570840015076,,,
2,unequal,0.1,0.0,M5a BCa as-is (M0 reps),0.06,0.010620734437881401,0.94,0.010620734437881408,0.10741366772058879,0.0,0.058,0.41100241600361187,,,
2,unequal,0.1,0.0,M5b BCa drop-NaN (M0 reps),0.06,0.010620734437881401,0.94,0.010620734437881408,0.10741366772058879,0.0,0.058,0.403703668001981,0.0,,
2,unequal,0.1,0.0,M1 pct stratified,0.0,0.0,1.0,0.0,0.13622093333333332,0.0,0.02,0.18114266599877737,,,
2,unequal,0.1,0.0,M5c BCa (M1 reps),0.41,0.02199545407578575,0.59,0.02199545407578575,0.1057616382691573,0.0,0.02,0.19483849999960512,,,
2,unequal,0.1,0.0,M2a simult. Bonferroni-AC,0.954,0.009368457717255283,0.046,0.00936845771725528,0.154088657463251,0.0,0.0,0.00023058400256559253,,,
2,unequal,0.1,0.0,M2b simult. boot max-|t|,0.856,0.015701210144444283,0.144,0.01570121014444428,0.13792973333333333,0.0,0.0,0.16582308399665635,,,
2,unequal,0.1,0.0,M4 m-out-of-n (n^0.7),0.774,0.01870422412183943,0.208,0.018151363585141474,0.058926773226613154,0.0,0.042,0.16018450000410667,,,
2,unequal,0.1,0.0,M3 perm test (gap stat),,,,,,,,0.168509000002814,,0.032,0.007870959280799261
2,unequal,0.1,0.0,M3 perm test (chi2 stat),,,,,,,,0.168509000002814,,0.032,0.007870959280799261
2,unequal,0.1,0.02,M0 pct unstratified,0.956,0.009172131704244116,1.0,0.0,0.1541436069695843,0.0,0.048,0.351440750004258,,,
2,unequal,0.1,0.02,M5a BCa as-is (M0 reps),0.758,0.019153902996517445,0.946,0.010107818755794947,0.12698668363115684,0.0,0.044,0.39648425199993653,,,
2,unequal,0.1,0.02,M5b BCa drop-NaN (M0 reps),0.758,0.019153902996517445,0.946,0.010107818755794947,0.12698668363115684,0.0,0.044,0.3957616679981584,0.0,,
2,unequal,0.1,0.02,M1 pct stratified,0.954,0.009368457717255283,1.0,0.0,0.1531968,0.0,0.032,0.1843675819982309,,,
2,unequal,0.1,0.02,M5c BCa (M1 reps),0.824,0.017030795636141023,0.664,0.02112363605064242,0.12579676186510494,0.0,0.026,0.198502749997715,,,
2,unequal,0.1,0.02,M2a simult. Bonferroni-AC,0.982,0.005945754788082,0.052,0.00992935043192655,0.17123242591686375,0.0,0.0,0.00025083199579967186,,,
2,unequal,0.1,0.02,M2b simult. boot max-|t|,0.968,0.007870959280799264,0.096,0.013174520864152897,0.1517516333333333,0.0,0.0,0.16769741599273402,,,
2,unequal,0.1,0.02,M4 m-out-of-n (n^0.7),0.644,0.021413266915629666,0.146,0.015791390059142988,0.06882963462269874,0.0,0.04,0.1622330000027432,,,
2,unequal,0.1,0.02,M3 perm test (gap stat),,,,,,,,0.16830666799796745,,0.048,0.009559916317625379
2,unequal,0.1,0.02,M3 perm test (chi2 stat),,,,,,,,0.16830666799796745,,0.048,0.009559916317625379
2,unequal,0.1,0.05,M0 pct unstratified,0.988,0.004869496893930627,1.0,0.0,0.1868091605292957,0.0,0.054,0.35829725000075996,,,
2,unequal,0.1,0.05,M5a BCa as-is (M0 reps),0.79,0.01821537811850196,0.966,0.008104813384649892,0.16403942289381981,0.0,0.054,0.40468858600070234,,,
2,unequal,0.1,0.05,M5b BCa drop-NaN (M0 reps),0.79,0.01821537811850196,0.966,0.008104813384649892,0.16403942289381981,0.0,0.054,0.402057335995778,0.0,,
2,unequal,0.1,0.05,M1 pct stratified,0.986,0.0052543315464481325,1.0,0.0,0.1842034,0.0,0.02,0.1916134180064546,,,
2,unequal,0.1,0.05,M5c BCa (M1 reps),0.79,0.01821537811850196,0.764,0.018989681408596616,0.1617080195442645,0.0,0.018,0.2037316700007068,,,
2,unequal,0.1,0.05,M2a simult. Bonferroni-AC,0.984,0.00561141693336006,0.116,0.014320893826853127,0.20065772020630324,0.0,0.0,0.0002465839934302494,,,
2,unequal,0.1,0.05,M2b simult. boot max-|t|,0.99,0.0044497190922574,0.1,0.01341640786499874,0.18069659999999999,0.0,0.0,0.17509675200562924,,,
2,unequal,0.1,0.05,M4 m-out-of-n (n^0.7),0.664,0.02112363605064242,0.096,0.013174520864152897,0.09487449354716074,0.0,0.04,0.16645941600290826,,,
2,unequal,0.1,0.05,M3 perm test (gap stat),,,,,,,,0.1658973339945078,,0.164,0.0165592270351004
2,unequal,0.1,0.05,M3 perm test (chi2 stat),,,,,,,,0.1658973339945078,,0.164,0.0165592270351004
2,unequal,0.1,0.1,M0 pct unstratified,0.986,0.0052543315464481325,1.0,0.0,0.23322648352606729,0.0,0.028,0.36023908400238724,,,
2,unequal,0.1,0.1,M5a BCa as-is (M0 reps),0.846,0.016142118820031033,0.978,0.006559878047646925,0.22883593568108507,0.0,0.026,0.40781900200090604,,,
2,unequal,0.1,0.1,M5b BCa drop-NaN (M0 reps),0.846,0.016142118820031033,0.978,0.006559878047646925,0.22883593568108507,0.0,0.026,0.4034894180003903,0.0,,
2,unequal,0.1,0.1,M1 pct stratified,0.986,0.0052543315464481325,1.0,0.0,0.2310897833333333,0.0,0.014,0.1993520840042038,,,
2,unequal,0.1,0.1,M5c BCa (M1 reps),0.842,0.016311713582576173,0.874,0.01484075469779081,0.22511925678682815,0.0,0.004,0.21136074999230914,,,
2,unequal,0.1,0.1,M2a simult. Bonferroni-AC,0.986,0.0052543315464481325,0.28,0.020079840636817812,0.24381377846091665,0.0,0.0,0.0002379159996053204,,,
2,unequal,0.1,0.1,M2b simult. boot max-|t|,0.994,0.0034536936748935927,0.19,0.017544229820656135,0.22776559999999998,0.0,0.0,0.18104541800130391,,,
2,unequal,0.1,0.1,M4 m-out-of-n (n^0.7),0.664,0.02112363605064242,0.136,0.01532997064576446,0.14970040862839892,0.0,0.02,0.1707502499994007,,,
2,unequal,0.1,0.1,M3 perm test (gap stat),,,,,,,,0.16561299999739276,,0.376,0.021662132858977667
2,unequal,0.1,0.1,M3 perm test (chi2 stat),,,,,,,,0.16561299999739276,,0.376,0.021662132858977667
2,unequal,0.1,0.2,M0 pct unstratified,0.942,0.010453324829928518,1.0,0.0,0.31338084024577567,0.0,0.004,0.36272699999972247,,,
2,unequal,0.1,0.2,M5a BCa as-is (M0 reps),0.938,0.010784804124322337,0.996,0.002822764602300377,0.31931494628980633,0.0,0.002,0.4080449979956029,,,
2,unequal,0.1,0.2,M5b BCa drop-NaN (M0 reps),0.938,0.010784804124322337,0.996,0.002822764602300377,0.31931494628980633,0.0,0.002,0.40686941399326315,0.0,,
2,unequal,0.1,0.2,M1 pct stratified,0.932,0.01125841907196565,1.0,0.0,0.3068702,0.0,0.002,0.21275883199996315,,,
2,unequal,0.1,0.2,M5c BCa (M1 reps),0.938,0.010784804124322337,0.994,0.0034536936748935927,0.31018352723210274,0.0,0.002,0.22645366399956401,,,
2,unequal,0.1,0.2,M2a simult. Bonferroni-AC,0.94,0.010620734437881408,0.77,0.018820201911775546,0.30924419773001477,0.0,0.0,0.0002545000024838373,,,
2,unequal,0.1,0.2,M2b simult. boot max-|t|,0.92,0.012132600710482479,0.692,0.020646355610615643,0.3074341333333333,0.0,0.0,0.19494866599416127,,,
2,unequal,0.1,0.2,M4 m-out-of-n (n^0.7),0.808,0.017614539448989292,0.612,0.021792475765731623,0.26316285353269264,0.0,0.004,0.17736650000006193,,,
2,unequal,0.1,0.2,M3 perm test (gap stat),,,,,,,,0.16841233400191413,,0.834,0.016639951923007473
2,unequal,0.1,0.2,M3 perm test (chi2 stat),,,,,,,,0.16841233400191413,,0.834,0.016639951923007473
2,unequal,0.5,0.0,M0 pct unstratified,0.0,0.0,1.0,0.0,0.24804740712612472,0.0,0.026,0.352441833994817,,,
2,unequal,0.5,0.0,M5a BCa as-is (M0 reps),0.068,0.011258419071965654,0.932,0.01125841907196565,0.18147488664165082,0.0,0.024,0.39803258599567926,,,
2,unequal,0.5,0.0,M5b BCa drop-NaN (M0 reps),0.068,0.011258419071965654,0.932,0.01125841907196565,0.18147488664165082,0.0,0.024,0.3965855019923765,0.0,,
2,unequal,0.5,0.0,M1 pct stratified,0.0,0.0,1.0,0.0,0.24428261666666662,0.0,0.02,0.22547199999098666,,,
2,unequal,0.5,0.0,M5c BCa (M1 reps),0.154,0.01614211882003103,0.846,0.016142118820031033,0.17979011800390104,0.0,0.02,0.2385061659879284,,,
2,unequal,0.5,0.0,M2a simult. Bonferroni-AC,0.938,0.010784804124322337,0.062,0.010784804124322332,0.23872706020525133,0.0,0.0,0.0002509160040062852,,,
2,unequal,0.5,0.0,M2b simult. boot max-|t|,0.92,0.012132600710482479,0.08,0.01213260071048248,0.24596039999999994,0.0,0.0,0.20880141599627677,,,
2,unequal,0.5,0.0,M4 m-out-of-n (n^0.7),0.828,0.0168769665520792,0.102,0.013534843922262273,0.10296086085632526,0.0,0.124,0.16773441600525985,,,
2,unequal,0.5,0.0,M3 perm test (gap stat),,,,,,,,0.1574848340023891,,0.052,0.00992935043192655
2,unequal,0.5,0.0,M3 perm test (chi2 stat),,,,,,,,0.1574848340023891,,0.052,0.00992935043192655
2,unequal,0.5,0.02,M0 pct unstratified,0.948,0.009929350431926557,1.0,0.0,0.24970528311327964,0.0,0.034,0.4502312500044354,,,
2,unequal,0.5,0.02,M5a BCa as-is (M0 reps),0.856,0.015701210144444283,0.924,0.01185107590052481,0.18521871918654487,0.0,0.034,0.5226925020033377,,,
2,unequal,0.5,0.02,M5b BCa drop-NaN (M0 reps),0.856,0.015701210144444283,0.924,0.01185107590052481,0.18521871918654487,0.0,0.034,0.49871999999595573,0.0,,
2,unequal,0.5,0.02,M1 pct stratified,0.94,0.010620734437881408,1.0,0.0,0.24556746666666662,0.0,0.026,0.23790758399263723,,,
2,unequal,0.5,0.02,M5c BCa (M1 reps),0.86,0.01551773179301666,0.828,0.0168769665520792,0.18308244707945898,0.0,0.026,0.24809258399182,,,
2,unequal,0.5,0.02,M2a simult. Bonferroni-AC,0.96,0.008763560920082661,0.052,0.00992935043192655,0.24015613484747309,0.0,0.0,0.0002420840028207749,,,
2,unequal,0.5,0.02,M2b simult. boot max-|t|,0.956,0.009172131704244116,0.068,0.011258419071965654,0.24712563333333326,0.0,0.0,0.22106116599024972,,,
2,unequal,0.5,0.02,M4 m-out-of-n (n^0.7),0.8,0.017888543819998316,0.092,0.012925633446759968,0.10525023528699647,0.0,0.134,0.16918975000589853,,,
2,unequal,0.5,0.02,M3 perm test (gap stat),,,,,,,,0.1566651660032221,,0.04,0.008763560920082658
2,unequal,0.5,0.02,M3 perm test (chi2 stat),,,,,,,,0.1566651660032221,,0.04,0.008763560920082658
2,unequal,0.5,0.05,M0 pct unstratified,0.972,0.0073778045514909145,1.0,0.0,0.25054587860839345,0.0,0.038,0.351699416001793,,,
2,unequal,0.5,0.05,M5a BCa as-is (M0 reps),0.846,0.016142118820031033,0.916,0.012405160216619531,0.18814053579758894,0.0,0.028,0.39617691599414684,,,
2,unequal,0.5,0.05,M5b BCa drop-NaN (M0 reps),0.846,0.016142118820031033,0.916,0.012405160216619531,0.18814053579758894,0.0,0.028,0.3950403339913464,0.0,,
2,unequal,0.5,0.05,M1 pct stratified,0.974,0.007116740827092135,1.0,0.0,0.2462166333333333,0.0,0.028,0.22428758399473736,,,
2,unequal,0.5,0.05,M5c BCa (M1 reps),0.856,0.015701210144444283,0.822,0.01710648999648964,0.1861657104200141,0.0,0.026,0.23806850199616747,,,
2,unequal,0.5,0.05,M2a simult. Bonferroni-AC,0.974,0.007116740827092135,0.06,0.010620734437881401,0.2417233476980979,0.0,0.0,0.00025583399838069454,,,
2,unequal,0.5,0.05,M2b simult. boot max-|t|,0.974,0.007116740827092135,0.08,0.01213260071048248,0.24872149999999993,0.0,0.0,0.20724058399355272,,,
2,unequal,0.5,0.05,M4 m-out-of-n (n^0.7),0.628,0.021615549958305478,0.108,0.013880633991284405,0.10830131634273078,0.0,0.122,0.16818975000205683,,,
2,unequal,0.5,0.05,M3 perm test (gap stat),,,,,,,,0.1605225840030471,,0.052,0.00992935043192655
2,unequal,0.5,0.05,M3 perm test (chi2 stat),,,,,,,,0.1605225840030471,,0.052,0.00992935043192655
2,unequal,0.5,0.1,M0 pct unstratified,0.976,0.006844559883586383,1.0,0.0,0.26864984192833696,0.0,0.036,0.3547359999938635,,,
2,unequal,0.5,0.1,M5a BCa as-is (M0 reps),0.848,0.01605590234150669,0.954,0.009368457717255283,0.22660541392416353,0.0,0.032,0.40013233199715614,,,
2,unequal,0.5,0.1,M5b BCa drop-NaN (M0 reps),0.848,0.01605590234150669,0.954,0.009368457717255283,0.22660541392416353,0.0,0.032,0.39979474999563536,0.0,,
2,unequal,0.5,0.1,M1 pct stratified,0.97,0.007628892449104264,1.0,0.0,0.2647182166666667,0.0,0.024,0.22188383399770828,,,
2,unequal,0.5,0.1,M5c BCa (M1 reps),0.83,0.016798809481626965,0.9,0.013416407864998736,0.22439959001830811,0.0,0.026,0.23234683399641654,,,
2,unequal,0.5,0.1,M2a simult. Bonferroni-AC,0.978,0.006559878047646925,0.216,0.01840347793217358,0.2622720521609219,0.0,0.0,0.0002505000011296943,,,
2,unequal,0.5,0.1,M2b simult. boot max-|t|,0.966,0.008104813384649892,0.242,0.019153902996517445,0.26939109999999994,0.0,0.0,0.20509491799748503,,,
2,unequal,0.5,0.1,M4 m-out-of-n (n^0.7),0.602,0.02189045454073533,0.288,0.020251222185339826,0.1474854998353565,0.0,0.074,0.16767991799861193,,,
2,unequal,0.5,0.1,M3 perm test (gap stat),,,,,,,,0.15751908400125103,,0.176,0.01703079563614102
2,unequal,0.5,0.1,M3 perm test (chi2 stat),,,,,,,,0.15751908400125103,,0.176,0.01703079563614102
2,unequal,0.5,0.2,M0 pct unstratified,0.968,0.007870959280799264,1.0,0.0,0.29902893824383225,0.0,0.0,0.352619584002241,,,
2,unequal,0.5,0.2,M5a BCa as-is (M0 reps),0.94,0.010620734437881408,0.996,0.002822764602300377,0.2961960734076139,0.0,0.0,0.39790050000010524,,,
2,unequal,0.5,0.2,M5b BCa drop-NaN (M0 reps),0.94,0.010620734437881408,0.996,0.002822764602300377,0.2961960734076139,0.0,0.0,0.3965757499972824,0.0,,
2,unequal,0.5,0.2,M1 pct stratified,0.964,0.008331146379700699,1.0,0.0,0.2945384833333334,0.0,0.0,0.20674949800013565,,,
2,unequal,0.5,0.2,M5c BCa (M1 reps),0.938,0.010784804124322337,0.992,0.003983967871356396,0.2903804241228925,0.0,0.0,0.21933116599393543,,,
2,unequal,0.5,0.2,M2a simult. Bonferroni-AC,0.96,0.008763560920082661,0.628,0.021615549958305478,0.29625924991846286,0.0,0.0,0.0002310819982085377,,,
2,unequal,0.5,0.2,M2b simult. boot max-|t|,0.946,0.010107818755794947,0.664,0.02112363605064242,0.30059916666666664,0.0,0.0,0.1904889159995946,,,
2,unequal,0.5,0.2,M4 m-out-of-n (n^0.7),0.716,0.020166506886419373,0.752,0.019313000802568203,0.2325291122780098,0.0,0.002,0.16116083200176945,,,
2,unequal,0.5,0.2,M3 perm test (gap stat),,,,,,,,0.15754724999715108,,0.588,0.02201163328787757
2,unequal,0.5,0.2,M3 perm test (chi2 stat),,,,,,,,0.15754724999715108,,0.588,0.02201163328787757
3,30,0.1,0.0,M0 pct unstratified,0.014,0.00525433154644813,0.986,0.0052543315464481325,0.23515862485019937,0.0,0.026,0.6233709160005674,,,
3,30,0.1,0.0,M5a BCa as-is (M0 reps),0.116,0.014320893826853127,0.884,0.014320893826853127,0.16777733008260942,0.0,0.006,0.6732012499996927,,,
3,30,0.1,0.0,M5b BCa drop-NaN (M0 reps),0.116,0.014320893826853127,0.884,0.014320893826853127,0.16777733008260942,0.0,0.006,0.6710083339930861,0.0,,
3,30,0.1,0.0,M1 pct stratified,0.278,0.020035768016225385,0.722,0.020035768016225385,0.23165166666666667,0.0,0.004,0.2507354159897659,,,
3,30,0.1,0.0,M5c BCa (M1 reps),0.818,0.017255491879398864,0.182,0.01725549187939886,0.15146032995038206,0.0,0.038,0.23944616799417417,,,
3,30,0.1,0.0,M2a simult. Bonferroni-AC,0.98,0.006260990336999414,0.02,0.006260990336999411,0.2827577283936243,0.0,0.0,0.0003007499981322326,,,
3,30,0.1,0.0,M2b simult. boot max-|t|,0.954,0.009368457717255283,0.046,0.00936845771725528,0.2700634067639439,0.0,0.0,0.26429516799544217,,,
3,30,0.1,0.0,M4 m-out-of-n (n^0.7),0.954,0.009368457717255283,0.046,0.00936845771725528,0.14193466610319566,0.0,0.0,0.18169074999605073,,,
3,30,0.1,0.0,M3 perm test (gap stat),,,,,,,,0.24711275000299793,,0.032,0.007870959280799261
3,30,0.1,0.0,M3 perm test (chi2 stat),,,,,,,,0.24711275000299793,,0.038,0.00855055553750749
3,30,0.1,0.02,M0 pct unstratified,0.28,0.020079840636817812,0.986,0.0052543315464481325,0.23863205678058433,0.0,0.028,0.6125813339967863,,,
3,30,0.1,0.02,M5a BCa as-is (M0 reps),0.692,0.020646355610615643,0.912,0.012669333052690657,0.17315646146221675,0.0,0.016,0.6596261659942684,,,
3,30,0.1,0.02,M5b BCa drop-NaN (M0 reps),0.692,0.020646355610615643,0.912,0.012669333052690657,0.17315646146221675,0.0,0.016,0.6599067499992088,0.0,,
3,30,0.1,0.02,M1 pct stratified,0.246,0.019260529587734602,0.754,0.019260529587734602,0.23558833333333334,0.0,0.004,0.2497242500030552,,,
3,30,0.1,0.02,M5c BCa (M1 reps),0.706,0.020374690181693564,0.244,0.019207498535728174,0.1566447617886918,0.0,0.032,0.2408116680016974,,,
3,30,0.1,0.02,M2a simult. Bonferroni-AC,0.988,0.004869496893930627,0.028,0.007377804551490911,0.28932410923270596,0.0,0.0,0.0003400839996174909,,,
3,30,0.1,0.02,M2b simult. boot max-|t|,0.948,0.009929350431926557,0.068,0.011258419071965654,0.27602377893817753,0.0,0.0,0.2524432499994873,,,
3,30,0.1,0.02,M4 m-out-of-n (n^0.7),0.904,0.013174520864152895,0.068,0.011258419071965654,0.14992272497329007,0.0,0.0,0.17927958200016292,,,
3,30,0.1,0.02,M3 perm test (gap stat),,,,,,,,0.24152575000334764,,0.038,0.00855055553750749
3,30,0.1,0.02,M3 perm test (chi2 stat),,,,,,,,0.24152575000334764,,0.044,0.009172131704244111
3,30,0.1,0.05,M0 pct unstratified,0.806,0.017684117167673367,0.996,0.002822764602300377,0.2522711822041585,0.0,0.01,0.6138351659974433,,,
3,30,0.1,0.05,M5a BCa as-is (M0 reps),0.846,0.016142118820031033,0.946,0.010107818755794947,0.194755832380144,0.0,0.006,0.6606809180011624,,,
3,30,0.1,0.05,M5b BCa drop-NaN (M0 reps),0.846,0.016142118820031033,0.946,0.010107818755794947,0.194755832380144,0.0,0.006,0.6603960020001978,0.0,,
3,30,0.1,0.05,M1 pct stratified,0.81,0.01754422982065613,0.838,0.016477621187537962,0.2476633333333333,0.0,0.006,0.25827966600627406,,,
3,30,0.1,0.05,M5c BCa (M1 reps),0.846,0.016142118820031033,0.288,0.020251222185339826,0.1793121224147639,0.0,0.016,0.24758158200711478,,,
3,30,0.1,0.05,M2a simult. Bonferroni-AC,0.99,0.0044497190922574,0.04,0.008763560920082658,0.30819368368664923,0.0,0.0,0.0002975839961436577,,,
3,30,0.1,0.05,M2b simult. boot max-|t|,0.976,0.006844559883586383,0.096,0.013174520864152897,0.29637452188405256,0.0,0.0,0.2600226660069893,,,
3,30,0.1,0.05,M4 m-out-of-n (n^0.7),0.968,0.007870959280799264,0.098,0.013296315279053818,0.16971924308757383,0.0,0.0,0.18628841800091323,,,
3,30,0.1,0.05,M3 perm test (gap stat),,,,,,,,0.2564585000000079,,0.046,0.00936845771725528
3,30,0.1,0.05,M3 perm test (chi2 stat),,,,,,,,0.2564585000000079,,0.066,0.011103512957618413
3,30,0.1,0.1,M0 pct unstratified,0.92,0.012132600710482479,1.0,0.0,0.2806446787665427,0.0,0.012,0.61845158199867,,,
3,30,0.1,0.1,M5a BCa as-is (M0 reps),0.856,0.015701210144444283,0.962,0.008550555537507495,0.23317056240466458,0.0,0.004,0.6641009180020774,,,
3,30,0.1,0.1,M5b BCa drop-NaN (M0 reps),0.856,0.015701210144444283,0.962,0.008550555537507495,0.23317056240466458,0.0,0.004,0.6623035000011441,0.0,,
3,30,0.1,0.1,M1 pct stratified,0.944,0.010282412168358165,0.922,0.01199299795714149,0.2753316666666666,0.0,0.002,0.2681862500103307,,,
3,30,0.1,0.1,M5c BCa (M1 reps),0.884,0.014320893826853127,0.51,0.022356207191739835,0.21777438347415834,0.0,0.022,0.2576273360027699,,,
3,30,0.1,0.1,M2a simult. Bonferroni-AC,0.992,0.003983967871356396,0.124,0.014739335127474372,0.3453182283877616,0.0,0.0,0.0003286659994046204,,,
3,30,0.1,0.1,M2b simult. boot max-|t|,0.98,0.006260990336999414,0.198,0.01782111107647332,0.3360946721006277,0.0,0.0,0.2701010840028175,,,
3,30,0.1,0.1,M4 m-out-of-n (n^0.7),0.894,0.013766916866168691,0.22,0.018525657883055057,0.20710884793441287,0.0,0.0,0.19294000000081724,,,
3,30,0.1,0.1,M3 perm test (gap stat),,,,,,,,0.2407719180046115,,0.146,0.015791390059142988
3,30,0.1,0.1,M3 perm test (chi2 stat),,,,,,,,0.2407719180046115,,0.178,0.017106489996489636
3,30,0.1,0.2,M0 pct unstratified,0.934,0.01110351295761841,1.0,0.0,0.3335716585188109,0.0,0.002,0.7149538340017898,,,
3,30,0.1,0.2,M5a BCa as-is (M0 reps),0.92,0.012132600710482479,0.994,0.0034536936748935927,0.31556079364819223,0.0,0.0,0.7612997500036727,,,
3,30,0.1,0.2,M5b BCa drop-NaN (M0 reps),0.92,0.012132600710482479,0.994,0.0034536936748935927,0.31556079364819223,0.0,0.0,0.7609674160048598,0.0,,
3,30,0.1,0.2,M1 pct stratified,0.95,0.00974679434480897,0.994,0.0034536936748935927,0.32993333333333336,0.0,0.002,0.2848814160024631,,,
3,30,0.1,0.2,M5c BCa (M1 reps),0.934,0.01110351295761841,0.804,0.01775297158224504,0.3005161668859116,0.0,0.0,0.2764153319876641,,,
3,30,0.1,0.2,M2a simult. Bonferroni-AC,0.996,0.002822764602300377,0.434,0.02216501748251059,0.4198671545058878,0.0,0.0,0.00036283399822423235,,,
3,30,0.1,0.2,M2b simult. boot max-|t|,0.99,0.0044497190922574,0.51,0.022356207191739835,0.4093337230689207,0.0,0.0,0.286774416003027,,,
3,30,0.1,0.2,M4 m-out-of-n (n^0.7),0.846,0.016142118820031033,0.558,0.022209727598509622,0.28180436027413863,0.0,0.0,0.2030107499958831,,,
3,30,0.1,0.2,M3 perm test (gap stat),,,,,,,,0.23873325000022305,,0.444,0.022219990999098087
3,30,0.1,0.2,M3 perm test (chi2 stat),,,,,,,,0.23873325000022305,,0.49,0.022356207191739835
3,30,0.5,0.0,M0 pct unstratified,0.0,0.0,1.0,0.0,0.3775540418895125,0.0,0.012,0.6885359999942011,,,
3,30,0.5,0.0,M5a BCa as-is (M0 reps),0.058,0.010453324829928513,0.942,0.010453324829928518,0.27232926434624466,0.0,0.012,0.7331139179950696,,,
3,30,0.5,0.0,M5b BCa drop-NaN (M0 reps),0.058,0.010453324829928513,0.942,0.010453324829928518,0.27232926434624466,0.0,0.012,0.7313839179914794,0.0,,
3,30,0.5,0.0,M1 pct stratified,0.0,0.0,1.0,0.0,0.3751383333333333,0.0,0.01,0.40239524799835635,,,
3,30,0.5,0.0,M5c BCa (M1 reps),0.718,0.020123419192572618,0.282,0.020123419192572618,0.24871820882805853,0.0,0.064,0.39639008199446835,,,
3,30,0.5,0.0,M2a simult. Bonferroni-AC,0.962,0.008550555537507495,0.038,0.00855055553750749,0.4398990113352313,0.0,0.0,0.00030858399986755103,,,
3,30,0.5,0.0,M2b simult. boot max-|t|,0.932,0.01125841907196565,0.068,0.011258419071965654,0.4515456726278123,0.0,0.0,0.40418274799594656,,,
3,30,0.5,0.0,M4 m-out-of-n (n^0.7),0.86,0.01551773179301666,0.13,0.015039946808416579,0.21370459444712428,0.0,0.036,0.2557174160028808,,,
3,30,0.5,0.0,M3 perm test (gap stat),,,,,,,,0.23073608399863588,,0.038,0.00855055553750749
3,30,0.5,0.0,M3 perm test (chi2 stat),,,,,,,,0.23073608399863588,,0.05,0.009746794344808964
3,30,0.5,0.02,M0 pct unstratified,0.002,0.0019979989989987483,1.0,0.0,0.3768802583858949,0.0,0.006,0.6872730819959543,,,
3,30,0.5,0.02,M5a BCa as-is (M0 reps),0.67,0.02102855201862458,0.934,0.01110351295761841,0.27115336018965575,0.0,0.004,0.7307510820028256,,,
3,30,0.5,0.02,M5b BCa drop-NaN (M0 reps),0.67,0.02102855201862458,0.934,0.01110351295761841,0.27115336018965575,0.0,0.004,0.7305529980076244,0.0,,
3,30,0.5,0.02,M1 pct stratified,0.0,0.0,1.0,0.0,0.37219499999999994,0.0,0.004,0.4243584159994498,,,
3,30,0.5,0.02,M5c BCa (M1 reps),0.682,0.020826713614970557,0.28,0.020079840636817812,0.2458458876883876,0.0,0.06,0.41853749800066,,,
3,30,0.5,0.02,M2a simult. Bonferroni-AC,0.954,0.009368457717255283,0.052,0.00992935043192655,0.43958663080271554,0.0,0.0,0.0003331659972900525,,,
3,30,0.5,0.02,M2b simult. boot max-|t|,0.942,0.010453324829928518,0.086,0.012538261442480771,0.4500677157148824,0.0,0.0,0.43057349999435246,,,
3,30,0.5,0.02,M4 m-out-of-n (n^0.7),0.866,0.015234434679370286,0.12,0.014532721699667961,0.2139130845484264,0.0,0.018,0.25348400000075344,,,
3,30,0.5,0.02,M3 perm test (gap stat),,,,,,,,0.23570524999377085,,0.046,0.00936845771725528
3,30,0.5,0.02,M3 perm test (chi2 stat),,,,,,,,0.23570524999377085,,0.06,0.010620734437881401
3,30,0.5,0.05,M0 pct unstratified,0.64,0.02146625258399798,1.0,0.0,0.37773387295147687,0.0,0.004,0.6851222499972209,,,
3,30,0.5,0.05,M5a BCa as-is (M0 reps),0.794,0.01808668018183547,0.952,0.009559916317625384,0.2745185840530769,0.0,0.008,0.7299113339977339,,,
3,30,0.5,0.05,M5b BCa drop-NaN (M0 reps),0.794,0.01808668018183547,0.952,0.009559916317625384,0.2745185840530769,0.0,0.008,0.7286429179948755,0.0,,
3,30,0.5,0.05,M1 pct stratified,0.674,0.020963015050321363,1.0,0.0,0.3750666666666666,0.0,0.002,0.3985439999960363,,,
3,30,0.5,0.05,M5c BCa (M1 reps),0.85,0.015968719422671314,0.282,0.020123419192572618,0.2511667682371671,0.0,0.068,0.39329291599278804,,,
3,30,0.5,0.05,M2a simult. Bonferroni-AC,0.98,0.006260990336999414,0.05,0.009746794344808964,0.4421244820029159,0.0,0.0,0.00035799999750452116,,,
3,30,0.5,0.05,M2b simult. boot max-|t|,0.97,0.007628892449104264,0.096,0.013174520864152897,0.45387426006223663,0.0,0.0,0.4005520840000827,,,
3,30,0.5,0.05,M4 m-out-of-n (n^0.7),0.934,0.01110351295761841,0.162,0.016477621187537962,0.21803868252806113,0.0,0.018,0.25479516799532576,,,
3,30,0.5,0.05,M3 perm test (gap stat),,,,,,,,0.23216900000261376,,0.044,0.009172131704244111
3,30,0.5,0.05,M3 perm test (chi2 stat),,,,,,,,0.23216900000261376,,0.052,0.00992935043192655
3,30,0.5,0.1,M0 pct unstratified,0.84,0.01639512122553536,1.0,0.0,0.38579146471967557,0.0,0.008,0.6906884160052869,,,
3,30,0.5,0.1,M5a BCa as-is (M0 reps),0.894,0.013766916866168691,0.962,0.008550555537507495,0.3006259925787096,0.0,0.004,0.7361545020030462,,,
3,30,0.5,0.1,M5b BCa drop-NaN (M0 reps),0.894,0.013766916866168691,0.962,0.008550555537507495,0.3006259925787096,0.0,0.004,0.7342207500041695,0.0,,
3,30,0.5,0.1,M1 pct stratified,0.876,0.014739335127474372,1.0,0.0,0.3829166666666667,0.0,0.004,0.5139055019972147,,,
3,30,0.5,0.1,M5c BCa (M1 reps),0.85,0.015968719422671314,0.398,0.02189045454073533,0.2767691595587064,0.0,0.042,0.5088300019997405,,,
3,30,0.5,0.1,M2a simult. Bonferroni-AC,0.986,0.0052543315464481325,0.11,0.013992855319769442,0.45750359810570923,0.0,0.0,0.0003283339974586852,,,
3,30,0.5,0.1,M2b simult. boot max-|t|,0.974,0.007116740827092135,0.16,0.016395121225535356,0.46838606145908407,0.0,0.0,0.5153495859922259,,,
3,30,0.5,0.1,M4 m-out-of-n (n^0.7),0.892,0.013880633991284403,0.196,0.01775297158224504,0.24160389163857413,0.0,0.018,0.25457641600223724,,,
3,30,0.5,0.1,M3 perm test (gap stat),,,,,,,,0.23821949999546632,,0.098,0.013296315279053818
3,30,0.5,0.1,M3 perm test (chi2 stat),,,,,,,,0.23821949999546632,,0.118,0.014427473791346842
3,30,0.5,0.2,M0 pct unstratified,0.894,0.013766916866168691,1.0,0.0,0.40709444332439454,0.0,0.002,0.6858107499938342,,,
3,30,0.5,0.2,M5a BCa as-is (M0 reps),0.914,0.01253826144248077,0.988,0.004869496893930627,0.36756423607935984,0.0,0.0,0.7300511659923359,,,
3,30,0.5,0.2,M5b BCa drop-NaN (M0 reps),0.914,0.01253826144248077,0.988,0.004869496893930627,0.36756423607935984,0.0,0.0,0.7299464999887277,0.0,,
3,30,0.5,0.2,M1 pct stratified,0.918,0.012269963325128561,1.0,0.0,0.40346333333333334,0.0,0.002,0.3878258340046159,,,
3,30,0.5,0.2,M5c BCa (M1 reps),0.89,0.013992855319769442,0.698,0.02053270561811083,0.3514513045475527,0.0,0.014,0.3838403340050718,,,
3,30,0.5,0.2,M2a simult. Bonferroni-AC,0.986,0.0052543315464481325,0.348,0.02130239423163509,0.5032351751380272,0.0,0.0,0.00032750000536907464,,,
3,30,0.5,0.2,M2b simult. boot max-|t|,0.982,0.005945754788082,0.428,0.022127629787213995,0.5096835870050457,0.0,0.0,0.3907534160025534,,,
3,30,0.5,0.2,M4 m-out-of-n (n^0.7),0.778,0.018585801031970613,0.522,0.0223390241505756,0.31186340942974483,0.0,0.006,0.253772083997319,,,
3,30,0.5,0.2,M3 perm test (gap stat),,,,,,,,0.2307130839981255,,0.324,0.020929596269398033
3,30,0.5,0.2,M3 perm test (chi2 stat),,,,,,,,0.2307130839981255,,0.37,0.021591665058535898
3,100,0.1,0.0,M0 pct unstratified,0.0,0.0,1.0,0.0,0.12518476518205165,0.0,0.016,0.5140484160001506,,,
3,100,0.1,0.0,M5a BCa as-is (M0 reps),0.0,0.0,1.0,0.0,0.08900836870471131,0.0,0.014,0.5578059159961413,,,
3,100,0.1,0.0,M5b BCa drop-NaN (M0 reps),0.0,0.0,1.0,0.0,0.08900836870471131,0.0,0.014,0.5585635839961469,0.0,,
3,100,0.1,0.0,M1 pct stratified,0.0,0.0,1.0,0.0,0.1251865,0.0,0.008,0.3682699179989868,,,
3,100,0.1,0.0,M5c BCa (M1 reps),0.654,0.021273645667821018,0.346,0.021273645667821018,0.08447311773440822,0.0,0.044,0.3641685859984136,,,
3,100,0.1,0.0,M2a simult. Bonferroni-AC,0.968,0.007870959280799264,0.032,0.007870959280799261,0.1518351490810297,0.0,0.0,0.00033708200498949736,,,
3,100,0.1,0.0,M2b simult. boot max-|t|,0.942,0.010453324829928518,0.058,0.010453324829928513,0.14782514120267082,0.0,0.0,0.3705508339990047,,,
3,100,0.1,0.0,M4 m-out-of-n (n^0.7),0.918,0.012269963325128561,0.08,0.01213260071048248,0.070556,0.0,0.012,0.22608274999947753,,,
3,100,0.1,0.0,M3 perm test (gap stat),,,,,,,,0.22938224999961676,,0.044,0.009172131704244111
3,100,0.1,0.0,M3 perm test (chi2 stat),,,,,,,,0.22938224999961676,,0.052,0.00992935043192655
3,100,0.1,0.02,M0 pct unstratified,0.742,0.019567115270269147,1.0,0.0,0.1312840234769508,0.0,0.032,0.5209759999997914,,,
3,100,0.1,0.02,M5a BCa as-is (M0 reps),0.82,0.017181385275931625,1.0,0.0,0.09619962036707565,0.0,0.028,0.5655092500091996,,,
3,100,0.1,0.02,M5b BCa drop-NaN (M0 reps),0.82,0.017181385275931625,1.0,0.0,0.09619962036707565,0.0,0.028,0.564914584007056,0.0,,
3,100,0.1,0.02,M1 pct stratified,0.828,0.0168769665520792,1.0,0.0,0.13142399999999999,0.0,0.014,0.3844914979999885,,,
3,100,0.1,0.02,M5c BCa (M1 reps),0.864,0.01532997064576446,0.41,0.02199545407578575,0.09204644819969598,0.0,0.032,0.38132850000692997,,,
3,100,0.1,0.02,M2a simult. Bonferroni-AC,0.984,0.00561141693336006,0.06,0.010620734437881401,0.15985005531342222,0.0,0.0,0.0003078340014326386,,,
3,100,0.1,0.02,M2b simult. boot max-|t|,0.974,0.007116740827092135,0.076,0.011851075900524812,0.15621640691169622,0.0,0.0,0.3863841659986065,,,
3,100,0.1,0.02,M4 m-out-of-n (n^0.7),0.878,0.014636666287102402,0.102,0.013534843922262273,0.075652,0.0,0.008,0.2331433340004878,,,
3,100,0.1,0.02,M3 perm test (gap stat),,,,,,,,0.23168916600116063,,0.074,0.011706750189527408
3,100,0.1,0.02,M3 perm test (chi2 stat),,,,,,,,0.23168916600116063,,0.078,0.011992997957141493
3,100,0.1,0.05,M0 pct unstratified,0.92,0.012132600710482479,1.0,0.0,0.14159168958677004,0.0,0.008,0.5350986659977934,,,
3,100,0.1,0.05,M5a BCa as-is (M0 reps),0.874,0.01484075469779081,1.0,0.0,0.11342485078978959,0.0,0.008,0.5801344999999856,,,
3,100,0.1,0.05,M5b BCa drop-NaN (M0 reps),0.874,0.01484075469779081,1.0,0.0,0.11342485078978959,0.0,0.008,0.5784548339943285,0.0,,
3,100,0.1,0.05,M1 pct stratified,0.942,0.010453324829928518,1.0,0.0,0.14130899999999996,0.0,0.004,0.3922513319994323,,,
3,100,0.1,0.05,M5c BCa (M1 reps),0.862,0.01542439626046997,0.564,0.02217674457624473,0.11015512438618223,0.0,0.008,0.3892392519992427,,,
3,100,0.1,0.05,M2a simult. Bonferroni-AC,0.99,0.0044497190922574,0.112,0.014103616557464968,0.17472250939437498,0.0,0.0,0.0003760839972528629,,,
3,100,0.1,0.05,M2b simult. boot max-|t|,0.98,0.006260990336999414,0.134,0.015234434679370286,0.17083232960001868,0.0,0.0,0.3940359179978259,,,
3,100,0.1,0.05,M4 m-out-of-n (n^0.7),0.79,0.01821537811850196,0.19,0.017544229820656135,0.08968700000000002,0.0,0.012,0.23648483200668124,,,
3,100,0.1,0.05,M3 perm test (gap stat),,,,,,,,0.22801641799742356,,0.122,0.014636666287102402
3,100,0.1,0.05,M3 perm test (chi2 stat),,,,,,,,0.22801641799742356,,0.146,0.015791390059142988
3,100,0.1,0.1,M0 pct unstratified,0.918,0.012269963325128561,1.0,0.0,0.1690299941535111,0.0,0.006,0.5575706660019932,,,
3,100,0.1,0.1,M5a BCa as-is (M0 reps),0.884,0.014320893826853127,0.998,0.001997998998998749,0.15801545836834,0.0,0.004,0.6023804979995475,,,
3,100,0.1,0.1,M5b BCa drop-NaN (M0 reps),0.884,0.014320893826853127,0.998,0.001997998998998749,0.15801545836834,0.0,0.004,0.6017527500007418,0.0,,
3,100,0.1,0.1,M1 pct stratified,0.922,0.01199299795714149,1.0,0.0,0.16841349999999997,0.0,0.002,0.41674366799998097,,,
3,100,0.1,0.1,M5c BCa (M1 reps),0.886,0.014212951839783317,0.886,0.014212951839783317,0.15488228018224498,0.0,0.0,0.4151397520035971,,,
3,100,0.1,0.1,M2a simult. Bonferroni-AC,0.984,0.00561141693336006,0.468,0.022314838112789438,0.21570701307667775,0.0,0.0,0.0003348339960211888,,,
3,100,0.1,0.1,M2b simult. boot max-|t|,0.972,0.0073778045514909145,0.508,0.022357817424784557,0.2101814741154068,0.0,0.0,0.4183358359950944,,,
3,100,0.1,0.1,M4 m-out-of-n (n^0.7),0.806,0.017684117167673367,0.604,0.02187162545399861,0.131406,0.0,0.006,0.24613900000258582,,,
3,100,0.1,0.1,M3 perm test (gap stat),,,,,,,,0.2263604160034447,,0.478,0.0223390241505756
3,100,0.1,0.1,M3 perm test (chi2 stat),,,,,,,,0.2263604160034447,,0.508,0.022357817424784557
3,100,0.1,0.2,M0 pct unstratified,0.936,0.01094568408095172,1.0,0.0,0.19989791953436303,0.0,0.0,0.5546573339961469,,,
3,100,0.1,0.2,M5a BCa as-is (M0 reps),0.936,0.01094568408095172,1.0,0.0,0.1982372646293905,0.0,0.0,0.6010295859960024,,,
3,100,0.1,0.2,M5b BCa drop-NaN (M0 reps),0.936,0.01094568408095172,1.0,0.0,0.1982372646293905,0.0,0.0,0.599119583996071,0.0,,
3,100,0.1,0.2,M1 pct stratified,0.936,0.01094568408095172,1.0,0.0,0.1989185,0.0,0.0,0.40607916800217936,,,
3,100,0.1,0.2,M5c BCa (M1 reps),0.948,0.009929350431926557,0.998,0.001997998998998749,0.19661462926497017,0.0,0.0,0.406821669996134,,,
3,100,0.1,0.2,M2a simult. Bonferroni-AC,0.986,0.0052543315464481325,0.97,0.007628892449104264,0.2550695494304381,0.0,0.0,0.00034425000194460154,,,
3,100,0.1,0.2,M2b simult. boot max-|t|,0.976,0.006844559883586383,0.98,0.006260990336999414,0.2477920667339756,0.0,0.0,0.4071205839936738,,,
3,100,0.1,0.2,M4 m-out-of-n (n^0.7),0.902,0.013296315279053816,0.982,0.005945754788082,0.184606,0.0,0.0,0.25842166599613847,,,
3,100,0.1,0.2,M3 perm test (gap stat),,,,,,,,0.23133008400327526,,0.974,0.007116740827092135
3,100,0.1,0.2,M3 perm test (chi2 stat),,,,,,,,0.23133008400327526,,0.984,0.00561141693336006
3,100,0.5,0.0,M0 pct unstratified,0.0,0.0,1.0,0.0,0.20674430950799816,0.0,0.042,0.4784180839997134,,,
3,100,0.5,0.0,M5a BCa as-is (M0 reps),0.002,0.0019979989989987483,0.998,0.001997998998998749,0.144193589010629,0.0,0.04,0.5219751680051559,,,
3,100,0.5,0.0,M5b BCa drop-NaN (M0 reps),0.002,0.0019979989989987483,0.998,0.001997998998998749,0.144193589010629,0.0,0.04,0.5225898340067943,0.0,,
3,100,0.5,0.0,M1 pct stratified,0.0,0.0,1.0,0.0,0.20550199999999996,0.0,0.032,0.3186173320063972,,,
3,100,0.5,0.0,M5c BCa (M1 reps),0.386,0.0217717247823869,0.614,0.0217717247823869,0.14023974634594732,0.0,0.034,0.32179050000559073,,,
3,100,0.5,0.0,M2a simult. Bonferroni-AC,0.972,0.0073778045514909145,0.028,0.007377804551490911,0.24607816979281064,0.0,0.0,0.0003187500042258762,,,
3,100,0.5,0.0,M2b simult. boot max-|t|,0.97,0.007628892449104264,0.03,0.00762889244910426,0.24538846376186563,0.0,0.0,0.32114458200521767,,,
3,100,0.5,0.0,M4 m-out-of-n (n^0.7),0.87,0.015039946808416579,0.088,0.012669333052690659,0.10045400000000003,0.0,0.134,0.36734299999807263,,,
3,100,0.5,0.0,M3 perm test (gap stat),,,,,,,,0.20997000000352273,,0.022,0.006559878047646922
3,100,0.5,0.0,M3 perm test (chi2 stat),,,,,,,,0.20997000000352273,,0.022,0.006559878047646922
3,100,0.5,0.02,M0 pct unstratified,0.414,0.0220274374360705,1.0,0.0,0.2077903643677621,0.0,0.024,0.4788889180053957,,,
3,100,0.5,0.02,M5a BCa as-is (M0 reps),0.818,0.017255491879398864,0.998,0.001997998998998749,0.1472633293332209,0.0,0.024,0.5219307520019356,,,
3,100,0.5,0.02,M5b BCa drop-NaN (M0 reps),0.818,0.017255491879398864,0.998,0.001997998998998749,0.1472633293332209,0.0,0.024,0.5226075840037083,0.0,,
3,100,0.5,0.02,M1 pct stratified,0.618,0.02172905888436036,1.0,0.0,0.2066155,0.0,0.016,0.3197515000065323,,,
3,100,0.5,0.02,M5c BCa (M1 reps),0.876,0.014739335127474372,0.62,0.021707141681944216,0.14383411355430167,0.0,0.018,0.32401274999574525,,,
3,100,0.5,0.02,M2a simult. Bonferroni-AC,0.976,0.006844559883586383,0.058,0.010453324829928513,0.24797540479729777,0.0,0.0,0.00032141599513124675,,,
3,100,0.5,0.02,M2b simult. boot max-|t|,0.974,0.007116740827092135,0.056,0.010282412168358162,0.2469925953577665,0.0,0.0,0.3215653340012068,,,
3,100,0.5,0.02,M4 m-out-of-n (n^0.7),0.89,0.013992855319769442,0.098,0.013296315279053818,0.10322300000000002,0.0,0.138,0.3722616660015774,,,
3,100,0.5,0.02,M3 perm test (gap stat),,,,,,,,0.20995491799840238,,0.046,0.00936845771725528
3,100,0.5,0.02,M3 perm test (chi2 stat),,,,,,,,0.20995491799840238,,0.05,0.009746794344808964
3,100,0.5,0.05,M0 pct unstratified,0.86,0.01551773179301666,1.0,0.0,0.2150946491025187,0.0,0.012,0.48113808400376,,,
3,100,0.5,0.05,M5a BCa as-is (M0 reps),0.868,0.01513776733867977,0.998,0.001997998998998749,0.1669128459640627,0.0,0.012,0.5253085840013227,,,
3,100,0.5,0.05,M5b BCa drop-NaN (M0 reps),0.868,0.01513776733867977,0.998,0.001997998998998749,0.1669128459640627,0.0,0.012,0.5253580839998904,0.0,,
3,100,0.5,0.05,M1 pct stratified,0.892,0.013880633991284403,1.0,0.0,0.2144575,0.0,0.01,0.3192315839914954,,,
3,100,0.5,0.05,M5c BCa (M1 reps),0.884,0.014320893826853127,0.714,0.020209106858047932,0.16326542741597316,0.0,0.012,0.32366700200509513,,,
3,100,0.5,0.05,M2a simult. Bonferroni-AC,0.988,0.004869496893930627,0.088,0.012669333052690659,0.2610444575451188,0.0,0.0,0.00035200000274926424,,,
3,100,0.5,0.05,M2b simult. boot max-|t|,0.982,0.005945754788082,0.088,0.012669333052690659,0.2601227260643263,0.0,0.0,0.32071900000300957,,,
3,100,0.5,0.05,M4 m-out-of-n (n^0.7),0.832,0.01671980861134481,0.182,0.01725549187939886,0.12262500000000003,0.0,0.086,0.3639460839985986,,,
3,100,0.5,0.05,M3 perm test (gap stat),,,,,,,,0.2085874159965897,,0.074,0.011706750189527408
3,100,0.5,0.05,M3 perm test (chi2 stat),,,,,,,,0.2085874159965897,,0.08,0.01213260071048248
3,100,0.5,0.1,M0 pct unstratified,0.912,0.012669333052690657,1.0,0.0,0.22678614487029,0.0,0.01,0.48475016599695664,,,
3,100,0.5,0.1,M5a BCa as-is (M0 reps),0.88,0.014532721699667961,1.0,0.0,0.1955160576909505,0.0,0.008,0.529336917999899,,,
3,100,0.5,0.1,M5b BCa drop-NaN (M0 reps),0.88,0.014532721699667961,1.0,0.0,0.1955160576909505,0.0,0.008,0.5278200819957419,0.0,,
3,100,0.5,0.1,M1 pct stratified,0.92,0.012132600710482479,1.0,0.0,0.22604749999999996,0.0,0.002,0.32543858399731107,,,
3,100,0.5,0.1,M5c BCa (M1 reps),0.892,0.013880633991284403,0.808,0.017614539448989292,0.19165928337751378,0.0,0.01,0.3298514179987251,,,
3,100,0.5,0.1,M2a simult. Bonferroni-AC,0.996,0.002822764602300377,0.304,0.020571047615520213,0.28273669109198435,0.0,0.0,0.0003340820039738901,,,
3,100,0.5,0.1,M2b simult. boot max-|t|,0.994,0.0034536936748935927,0.31,0.02068332661831747,0.28094322380114467,0.0,0.0,0.3284194999941974,,,
3,100,0.5,0.1,M4 m-out-of-n (n^0.7),0.78,0.018525657883055057,0.394,0.021852414054287,0.15498900000000002,0.0,0.036,0.36218799999915063,,,
3,100,0.5,0.1,M3 perm test (gap stat),,,,,,,,0.21062749999691732,,0.278,0.020035768016225385
3,100,0.5,0.1,M3 perm test (chi2 stat),,,,,,,,0.21062749999691732,,0.292,0.0203340109176719
3,100,0.5,0.2,M0 pct unstratified,0.922,0.01199299795714149,1.0,0.0,0.244017606815331,0.0,0.0,0.534230999997817,,,
3,100,0.5,0.2,M5a BCa as-is (M0 reps),0.938,0.010784804124322337,1.0,0.0,0.2395375299390646,0.0,0.0,0.5800980839921976,,,
3,100,0.5,0.2,M5b BCa drop-NaN (M0 reps),0.938,0.010784804124322337,1.0,0.0,0.2395375299390646,0.0,0.0,0.5767199999972945,0.0,,
3,100,0.5,0.2,M1 pct stratified,0.932,0.01125841907196565,1.0,0.0,0.24259350000000002,0.0,0.0,0.3682614999997895,,,
3,100,0.5,0.2,M5c BCa (M1 reps),0.95,0.00974679434480897,0.996,0.002822764602300377,0.23758605778142278,0.0,0.0,0.37362116799340583,,,
3,100,0.5,0.2,M2a simult. Bonferroni-AC,0.986,0.0052543315464481325,0.83,0.016798809481626965,0.315608712612712,0.0,0.0,0.0003029159997822717,,,
3,100,0.5,0.2,M2b simult. boot max-|t|,0.984,0.00561141693336006,0.836,0.0165592270351004,0.3115637265047023,0.0,0.0,0.3709372499943129,,,
3,100,0.5,0.2,M4 m-out-of-n (n^0.7),0.868,0.01513776733867977,0.906,0.013050976974924135,0.21387199999999998,0.0,0.002,0.35233599999628495,,,
3,100,0.5,0.2,M3 perm test (gap stat),,,,,,,,0.20988983399729477,,0.81,0.01754422982065613
3,100,0.5,0.2,M3 perm test (chi2 stat),,,,,,,,0.20988983399729477,,0.836,0.0165592270351004
3,1000,0.1,0.0,M0 pct unstratified,0.0,0.0,1.0,0.0,0.03955348798538233,0.0,0.028,0.3726936660023057,,,
3,1000,0.1,0.0,M5a BCa as-is (M0 reps),0.0,0.0,1.0,0.0,0.027940312950311585,0.0,0.024,0.4166832480041194,,,
3,1000,0.1,0.0,M5b BCa drop-NaN (M0 reps),0.0,0.0,1.0,0.0,0.027940312950311585,0.0,0.024,0.415794498003379,0.0,,
3,1000,0.1,0.0,M1 pct stratified,0.0,0.0,1.0,0.0,0.039444450000000006,0.0,0.02,0.2738366679986939,,,
3,1000,0.1,0.0,M5c BCa (M1 reps),0.1,0.01341640786499874,0.9,0.013416407864998736,0.027210817416319404,0.0,0.028,0.281397418002598,,,
3,1000,0.1,0.0,M2a simult. Bonferroni-AC,0.964,0.008331146379700699,0.036,0.008331146379700696,0.04776925200275592,0.0,0.0,0.00031458400189876556,,,
3,1000,0.1,0.0,M2b simult. boot max-|t|,0.96,0.008763560920082661,0.04,0.008763560920082658,0.04698825937864937,0.0,0.0,0.27606850199663313,,,
3,1000,0.1,0.0,M4 m-out-of-n (n^0.7),0.922,0.01199299795714149,0.062,0.010784804124322332,0.018145785202082088,0.0,0.156,0.3894702499965206,,,
3,1000,0.1,0.0,M3 perm test (gap stat),,,,,,,,0.2458641660050489,,0.038,0.00855055553750749
3,1000,0.1,0.0,M3 perm test (chi2 stat),,,,,,,,0.2458641660050489,,0.036,0.008331146379700696
3,1000,0.1,0.02,M0 pct unstratified,0.91,0.012798437404620923,1.0,0.0,0.04544741936856754,0.0,0.008,0.3693778340020799,,,
3,1000,0.1,0.02,M5a BCa as-is (M0 reps),0.876,0.014739335127474372,1.0,0.0,0.03980792154013593,0.0,0.006,0.41288008200353943,,,
3,1000,0.1,0.02,M5b BCa drop-NaN (M0 reps),0.876,0.014739335127474372,1.0,0.0,0.03980792154013593,0.0,0.006,0.4131796660076361,0.0,,
3,1000,0.1,0.02,M1 pct stratified,0.918,0.012269963325128561,1.0,0.0,0.0454382,0.0,0.006,0.27036041599785676,,,
3,1000,0.1,0.02,M5c BCa (M1 reps),0.882,0.014427473791346842,0.972,0.0073778045514909145,0.03935282004947128,0.0,0.004,0.2801524159949622,,,
3,1000,0.1,0.02,M2a simult. Bonferroni-AC,0.978,0.006559878047646925,0.254,0.019467100451787882,0.05715917980833416,0.0,0.0,0.0003145000009681098,,,
3,1000,0.1,0.02,M2b simult. boot max-|t|,0.976,0.006844559883586383,0.276,0.01999119806314769,0.05611486845593875,0.0,0.0,0.2714764999982435,,,
3,1000,0.1,0.02,M4 m-out-of-n (n^0.7),0.754,0.019260529587734602,0.32,0.020861447696648473,0.029176583908274645,0.0,0.036,0.4039315840054769,,,
3,1000,0.1,0.02,M3 perm test (gap stat),,,,,,,,0.2545442499977071,,0.264,0.019713142824014644
3,1000,0.1,0.02,M3 perm test (chi2 stat),,,,,,,,0.2545442499977071,,0.27,0.019854470529329156
3,1000,0.1,0.05,M0 pct unstratified,0.934,0.01110351295761841,1.0,0.0,0.05386566053335202,0.0,0.0,0.376729168005113,,,
3,1000,0.1,0.05,M5a BCa as-is (M0 reps),0.938,0.010784804124322337,1.0,0.0,0.05314326428418124,0.0,0.0,0.42082425199623685,,,
3,1000,0.1,0.05,M5b BCa drop-NaN (M0 reps),0.938,0.010784804124322337,1.0,0.0,0.05314326428418124,0.0,0.0,0.41988933399989037,0.0,,
3,1000,0.1,0.05,M1 pct stratified,0.946,0.010107818755794947,1.0,0.0,0.05372359999999999,0.0,0.0,0.26716333200602094,,,
3,1000,0.1,0.05,M5c BCa (M1 reps),0.95,0.00974679434480897,1.0,0.0,0.053031621445998565,0.0,0.0,0.27906325200456195,,,
3,1000,0.1,0.05,M2a simult. Bonferroni-AC,0.984,0.00561141693336006,0.952,0.009559916317625384,0.06962769692560694,0.0,0.0,0.0003267499996582046,,,
3,1000,0.1,0.05,M2b simult. boot max-|t|,0.982,0.005945754788082,0.956,0.009172131704244116,0.06786043820378225,0.0,0.0,0.2681939180038171,,,
3,1000,0.1,0.05,M4 m-out-of-n (n^0.7),0.856,0.015701210144444283,0.966,0.008104813384649892,0.0447930847514238,0.0,0.0,0.41941916799987666,,,
3,1000,0.1,0.05,M3 perm test (gap stat),,,,,,,,0.2723134999978356,,0.956,0.009172131704244116
3,1000,0.1,0.05,M3 perm test (chi2 stat),,,,,,,,0.2723134999978356,,0.962,0.008550555537507495
3,1000,0.1,0.1,M0 pct unstratified,0.942,0.010453324829928518,1.0,0.0,0.05851295621170725,0.0,0.0,0.36867483199603157,,,
3,1000,0.1,0.1,M5a BCa as-is (M0 reps),0.936,0.01094568408095172,1.0,0.0,0.05828066716970416,0.0,0.0,0.41252116399118677,,,
3,1000,0.1,0.1,M5b BCa drop-NaN (M0 reps),0.936,0.01094568408095172,1.0,0.0,0.05828066716970416,0.0,0.0,0.4128059159993427,0.0,,
3,1000,0.1,0.1,M1 pct stratified,0.936,0.01094568408095172,1.0,0.0,0.058559150000000004,0.0,0.0,0.25905233399680583,,,
3,1000,0.1,0.1,M5c BCa (M1 reps),0.94,0.010620734437881408,1.0,0.0,0.05818035162454983,0.0,0.0,0.272103250004875,,,
3,1000,0.1,0.1,M2a simult. Bonferroni-AC,0.984,0.00561141693336006,1.0,0.0,0.07513705285448308,0.0,0.0,0.0003379159970791079,,,
3,1000,0.1,0.1,M2b simult. boot max-|t|,0.978,0.006559878047646925,1.0,0.0,0.07321839107199182,0.0,0.0,0.2618960000036168,,,
3,1000,0.1,0.1,M4 m-out-of-n (n^0.7),0.932,0.01125841907196565,1.0,0.0,0.05600668215234934,0.0,0.0,0.44789916800073115,,,
3,1000,0.1,0.1,M3 perm test (gap stat),,,,,,,,0.28721833400049945,,1.0,0.0
3,1000,0.1,0.1,M3 perm test (chi2 stat),,,,,,,,0.28721833400049945,,1.0,0.0
3,1000,0.1,0.2,M0 pct unstratified,0.924,0.01185107590052481,1.0,0.0,0.06459209094840802,0.0,0.0,0.36122108199924696,,,
3,1000,0.1,0.2,M5a BCa as-is (M0 reps),0.94,0.010620734437881408,1.0,0.0,0.06439960029377852,0.0,0.0,0.4052735839941306,,,
3,1000,0.1,0.2,M5b BCa drop-NaN (M0 reps),0.94,0.010620734437881408,1.0,0.0,0.06439960029377852,0.0,0.0,0.40523074999509845,0.0,,
3,1000,0.1,0.2,M1 pct stratified,0.936,0.01094568408095172,1.0,0.0,0.06480154999999999,0.0,0.0,0.25809883400506806,,,
3,1000,0.1,0.2,M5c BCa (M1 reps),0.946,0.010107818755794947,1.0,0.0,0.06445894865021656,0.0,0.0,0.27133717000106117,,,
3,1000,0.1,0.2,M2a simult. Bonferroni-AC,0.984,0.00561141693336006,1.0,0.0,0.08226124280246859,0.0,0.0,0.0003321659969515167,,,
3,1000,0.1,0.2,M2b simult. boot max-|t|,0.982,0.005945754788082,1.0,0.0,0.08017764949642049,0.0,0.0,0.2589467500001774,,,
3,1000,0.1,0.2,M4 m-out-of-n (n^0.7),0.94,0.010620734437881408,1.0,0.0,0.06350179180136672,0.0,0.0,0.36781316599808633,,,
3,1000,0.1,0.2,M3 perm test (gap stat),,,,,,,,0.2764537500042934,,1.0,0.0
3,1000,0.1,0.2,M3 perm test (chi2 stat),,,,,,,,0.2764537500042934,,1.0,0.0
3,1000,0.5,0.0,M0 pct unstratified,0.0,0.0,1.0,0.0,0.06573938846999085,0.0,0.03,0.3248769159981748,,,
3,1000,0.5,0.0,M5a BCa as-is (M0 reps),0.0,0.0,1.0,0.0,0.04596808273122257,0.0,0.028,0.3690753320042859,,,
3,1000,0.5,0.0,M5b BCa drop-NaN (M0 reps),0.0,0.0,1.0,0.0,0.04596808273122257,0.0,0.028,0.3684611659991788,0.0,,
3,1000,0.5,0.0,M1 pct stratified,0.0,0.0,1.0,0.0,0.06565665000000001,0.0,0.026,0.22001491600531153,,,
3,1000,0.5,0.0,M5c BCa (M1 reps),0.008,0.003983967871356395,0.992,0.003983967871356396,0.04524566354156284,0.0,0.03,0.2298840020011994,,,
3,1000,0.5,0.0,M2a simult. Bonferroni-AC,0.964,0.008331146379700699,0.036,0.008331146379700696,0.07908687011566864,0.0,0.0,0.0003149999974993989,,,
3,1000,0.5,0.0,M2b simult. boot max-|t|,0.96,0.008763560920082661,0.04,0.008763560920082658,0.07796207150577686,0.0,0.0,0.22235683400504058,,,
3,1000,0.5,0.0,M4 m-out-of-n (n^0.7),0.902,0.013296315279053816,0.07,0.011410521460476731,0.029182492010025304,0.0,0.216,0.282397832001152,,,
3,1000,0.5,0.0,M3 perm test (gap stat),,,,,,,,0.2782585000022664,,0.038,0.00855055553750749
3,1000,0.5,0.0,M3 perm test (chi2 stat),,,,,,,,0.2782585000022664,,0.044,0.009172131704244111
3,1000,0.5,0.02,M0 pct unstratified,0.9,0.013416407864998736,1.0,0.0,0.06955172509443643,0.0,0.01,0.32318858399958117,,,
3,1000,0.5,0.02,M5a BCa as-is (M0 reps),0.894,0.013766916866168691,1.0,0.0,0.05609057337165608,0.0,0.01,0.366536167995946,,,
3,1000,0.5,0.02,M5b BCa drop-NaN (M0 reps),0.894,0.013766916866168691,1.0,0.0,0.05609057337165608,0.0,0.01,0.36763258600694826,0.0,,
3,1000,0.5,0.02,M1 pct stratified,0.92,0.012132600710482479,1.0,0.0,0.069601,0.0,0.008,0.2188975820026826,,,
3,1000,0.5,0.02,M5c BCa (M1 reps),0.894,0.013766916866168691,0.998,0.001997998998998749,0.05515263067196775,0.0,0.016,0.22855683200759813,,,
3,1000,0.5,0.02,M2a simult. Bonferroni-AC,0.988,0.004869496893930627,0.1,0.01341640786499874,0.0857464339749526,0.0,0.0,0.0003337500020279549,,,
3,1000,0.5,0.02,M2b simult. boot max-|t|,0.984,0.00561141693336006,0.114,0.014212951839783319,0.08455707258061579,0.0,0.0,0.2204559160018107,,,
3,1000,0.5,0.02,M4 m-out-of-n (n^0.7),0.802,0.017821111076473318,0.162,0.016477621187537962,0.03779408140944614,0.0,0.102,0.2871891679969849,,,
3,1000,0.5,0.02,M3 perm test (gap stat),,,,,,,,0.27809016600076575,,0.112,0.014103616557464968
3,1000,0.5,0.02,M3 perm test (chi2 stat),,,,,,,,0.27809016600076575,,0.116,0.014320893826853127
3,1000,0.5,0.05,M0 pct unstratified,0.924,0.01185107590052481,1.0,0.0,0.07848462859660885,0.0,0.0,0.3243502499972237,,,
3,1000,0.5,0.05,M5a BCa as-is (M0 reps),0.914,0.01253826144248077,1.0,0.0,0.07471144174143084,0.0,0.0,0.36830933400051435,,,
3,1000,0.5,0.05,M5b BCa drop-NaN (M0 reps),0.914,0.01253826144248077,1.0,0.0,0.07471144174143084,0.0,0.0,0.36727650000102585,0.0,,
3,1000,0.5,0.05,M1 pct stratified,0.93,0.011410521460476728,1.0,0.0,0.07836809999999995,0.0,0.0,0.22038958399934927,,,
3,1000,0.5,0.05,M5c BCa (M1 reps),0.92,0.012132600710482479,0.996,0.002822764602300377,0.07417984781017858,0.0,0.0,0.2333862500017858,,,
3,1000,0.5,0.05,M2a simult. Bonferroni-AC,0.988,0.004869496893930627,0.596,0.021944657664224338,0.10112392076405512,0.0,0.0,0.00033200000325450674,,,
3,1000,0.5,0.05,M2b simult. boot max-|t|,0.986,0.0052543315464481325,0.614,0.0217717247823869,0.09919207176505286,0.0,0.0,0.22286449999955948,,,
3,1000,0.5,0.05,M4 m-out-of-n (n^0.7),0.774,0.01870422412183943,0.702,0.020454632727086548,0.05847428413525813,0.0,0.01,0.28721016599592986,,,
3,1000,0.5,0.05,M3 perm test (gap stat),,,,,,,,0.28277808200073196,,0.602,0.02189045454073533
3,1000,0.5,0.05,M3 perm test (chi2 stat),,,,,,,,0.28277808200073196,,0.628,0.021615549958305478
3,1000,0.5,0.1,M0 pct unstratified,0.924,0.01185107590052481,1.0,0.0,0.08134924021799464,0.0,0.0,0.3285123340028804,,,
3,1000,0.5,0.1,M5a BCa as-is (M0 reps),0.944,0.010282412168358165,1.0,0.0,0.08094717829265173,0.0,0.0,0.3731146680074744,,,
3,1000,0.5,0.1,M5b BCa drop-NaN (M0 reps),0.944,0.010282412168358165,1.0,0.0,0.08094717829265173,0.0,0.0,0.371233084006235,0.0,,
3,1000,0.5,0.1,M1 pct stratified,0.934,0.01110351295761841,1.0,0.0,0.08139680000000002,0.0,0.0,0.22067750000132946,,,
3,1000,0.5,0.1,M5c BCa (M1 reps),0.94,0.010620734437881408,1.0,0.0,0.0807228322935504,0.0,0.0,0.231456501998764,,,
3,1000,0.5,0.1,M2a simult. Bonferroni-AC,0.982,0.005945754788082,0.996,0.002822764602300377,0.10581809776297106,0.0,0.0,0.0003004159952979535,,,
3,1000,0.5,0.1,M2b simult. boot max-|t|,0.978,0.006559878047646925,0.996,0.002822764602300377,0.10352202735788453,0.0,0.0,0.22311658200487727,,,
3,1000,0.5,0.1,M4 m-out-of-n (n^0.7),0.884,0.014320893826853127,0.998,0.001997998998998749,0.07267658125192576,0.0,0.0,0.2895687500058557,,,
3,1000,0.5,0.1,M3 perm test (gap stat),,,,,,,,0.2768002499942668,,0.996,0.002822764602300377
3,1000,0.5,0.1,M3 perm test (chi2 stat),,,,,,,,0.2768002499942668,,0.998,0.001997998998998749
3,1000,0.5,0.2,M0 pct unstratified,0.898,0.013534843922262271,1.0,0.0,0.07833919577650048,0.0,0.0,0.32714941800077213,,,
3,1000,0.5,0.2,M5a BCa as-is (M0 reps),0.928,0.0115599307956406,1.0,0.0,0.07789383922047102,0.0,0.0,0.3702290000001085,,,
3,1000,0.5,0.2,M5b BCa drop-NaN (M0 reps),0.928,0.0115599307956406,1.0,0.0,0.07789383922047102,0.0,0.0,0.36996450199512765,0.0,,
3,1000,0.5,0.2,M1 pct stratified,0.904,0.013174520864152895,1.0,0.0,0.07834119999999996,0.0,0.0,0.22435974999825703,,,
3,1000,0.5,0.2,M5c BCa (M1 reps),0.93,0.011410521460476728,1.0,0.0,0.07781697514251294,0.0,0.0,0.23636108199571026,,,
3,1000,0.5,0.2,M2a simult. Bonferroni-AC,0.974,0.007116740827092135,1.0,0.0,0.1025342637533332,0.0,0.0,0.0002951660062535666,,,
3,1000,0.5,0.2,M2b simult. boot max-|t|,0.968,0.007870959280799264,1.0,0.0,0.10019128370909267,0.0,0.0,0.22678300000552554,,,
3,1000,0.5,0.2,M4 m-out-of-n (n^0.7),0.934,0.01110351295761841,1.0,0.0,0.0763844781061935,0.0,0.0,0.2947324999986449,,,
3,1000,0.5,0.2,M3 perm test (gap stat),,,,,,,,0.2767183340038173,,1.0,0.0
3,1000,0.5,0.2,M3 perm test (chi2 stat),,,,,,,,0.2767183340038173,,1.0,0.0
3,unequal,0.1,0.0,M0 pct unstratified,0.0,0.0,1.0,0.0,0.14169169266502246,0.0,0.052,0.5411972500005504,,,
3,unequal,0.1,0.0,M5a BCa as-is (M0 reps),0.0,0.0,1.0,0.0,0.10269320120317835,0.0,0.048,0.5859912519954378,,,
3,unequal,0.1,0.0,M5b BCa drop-NaN (M0 reps),0.0,0.0,1.0,0.0,0.10269320120317835,0.0,0.048,0.5848313339956803,0.0,,
3,unequal,0.1,0.0,M1 pct stratified,0.0,0.0,1.0,0.0,0.1411607,0.0,0.02,0.31576833400322357,,,
3,unequal,0.1,0.0,M5c BCa (M1 reps),0.02,0.006260990336999411,0.98,0.006260990336999414,0.10167913200719336,0.0,0.026,0.3291005859937286,,,
3,unequal,0.1,0.0,M2a simult. Bonferroni-AC,0.974,0.007116740827092135,0.026,0.007116740827092132,0.18998060879512643,0.0,0.0,0.00034658200456760824,,,
3,unequal,0.1,0.0,M2b simult. boot max-|t|,0.9,0.013416407864998736,0.1,0.01341640786499874,0.16639385555901423,0.0,0.0,0.3170747499971185,,,
3,unequal,0.1,0.0,M4 m-out-of-n (n^0.7),0.794,0.01808668018183547,0.202,0.01795527777562909,0.0656801573597796,0.0,0.056,0.265622581995558,,,
3,unequal,0.1,0.0,M3 perm test (gap stat),,,,,,,,0.28464099999837345,,0.04,0.008763560920082658
3,unequal,0.1,0.0,M3 perm test (chi2 stat),,,,,,,,0.28464099999837345,,0.044,0.009172131704244111
3,unequal,0.1,0.02,M0 pct unstratified,0.884,0.014320893826853127,1.0,0.0,0.1599464147174987,0.0,0.054,0.5518365840034676,,,
3,unequal,0.1,0.02,M5a BCa as-is (M0 reps),0.774,0.01870422412183943,1.0,0.0,0.1252806159379893,0.0,0.054,0.5958429999955115,,,
3,unequal,0.1,0.02,M5b BCa drop-NaN (M0 reps),0.774,0.01870422412183943,1.0,0.0,0.1252806159379893,0.0,0.054,0.5950660839953343,0.0,,
3,unequal,0.1,0.02,M1 pct stratified,0.89,0.013992855319769442,1.0,0.0,0.1595066,0.0,0.03,0.32723066799371736,,,
3,unequal,0.1,0.02,M5c BCa (M1 reps),0.812,0.017473179447370188,0.972,0.0073778045514909145,0.12438625173411504,0.0,0.034,0.3419075839992729,,,
3,unequal,0.1,0.02,M2a simult. Bonferroni-AC,0.998,0.001997998998998749,0.018,0.005945754788081997,0.2063806596780802,0.0,0.0,0.000323499996738974,,,
3,unequal,0.1,0.02,M2b simult. boot max-|t|,0.982,0.005945754788082,0.06,0.010620734437881401,0.1848405928324824,0.0,0.0,0.33013258400023915,,,
3,unequal,0.1,0.02,M4 m-out-of-n (n^0.7),0.782,0.018464885594013304,0.142,0.015609996796924718,0.07924663892371377,0.0,0.076,0.3214517500018701,,,
3,unequal,0.1,0.02,M3 perm test (gap stat),,,,,,,,0.3244674160014256,,0.086,0.012538261442480771
3,unequal,0.1,0.02,M3 perm test (chi2 stat),,,,,,,,0.3244674160014256,,0.06,0.010620734437881401
3,unequal,0.1,0.05,M0 pct unstratified,0.972,0.0073778045514909145,1.0,0.0,0.19167473026581305,0.0,0.036,0.6379890000025625,,,
3,unequal,0.1,0.05,M5a BCa as-is (M0 reps),0.788,0.018278730809331373,1.0,0.0,0.1644124985831202,0.0,0.034,0.689790833996085,,,
3,unequal,0.1,0.05,M5b BCa drop-NaN (M0 reps),0.788,0.018278730809331373,1.0,0.0,0.1644124985831202,0.0,0.034,0.7157428339996841,0.0,,
3,unequal,0.1,0.05,M1 pct stratified,0.96,0.008763560920082661,1.0,0.0,0.19094249999999996,0.0,0.018,0.35263341799145564,,,
3,unequal,0.1,0.05,M5c BCa (M1 reps),0.79,0.01821537811850196,0.982,0.005945754788082,0.16139780046652197,0.0,0.026,0.3663035839999793,,,
3,unequal,0.1,0.05,M2a simult. Bonferroni-AC,0.994,0.0034536936748935927,0.064,0.010945684080951725,0.24196499449087724,0.0,0.0,0.00036716600152431056,,,
3,unequal,0.1,0.05,M2b simult. boot max-|t|,0.984,0.00561141693336006,0.07,0.011410521460476731,0.21669431545940818,0.0,0.0,0.3545966679957928,,,
3,unequal,0.1,0.05,M4 m-out-of-n (n^0.7),0.724,0.01999119806314769,0.098,0.013296315279053818,0.1073452422477275,0.0,0.054,0.2843525840071379,,,
3,unequal,0.1,0.05,M3 perm test (gap stat),,,,,,,,0.28799741799593903,,0.192,0.017614539448989292
3,unequal,0.1,0.05,M3 perm test (chi2 stat),,,,,,,,0.28799741799593903,,0.172,0.0168769665520792
3,unequal,0.1,0.1,M0 pct unstratified,0.968,0.007870959280799264,1.0,0.0,0.24348290579310486,0.0,0.02,0.5787429999982123,,,
3,unequal,0.1,0.1,M5a BCa as-is (M0 reps),0.828,0.0168769665520792,1.0,0.0,0.23249893080124043,0.0,0.018,0.6257642519994988,,,
3,unequal,0.1,0.1,M5b BCa drop-NaN (M0 reps),0.828,0.0168769665520792,1.0,0.0,0.23249893080124043,0.0,0.018,0.6249574999965262,0.0,,
3,unequal,0.1,0.1,M1 pct stratified,0.958,0.00897061870775924,1.0,0.0,0.24088826666666666,0.0,0.014,0.3525282500049798,,,
3,unequal,0.1,0.1,M5c BCa (M1 reps),0.802,0.017821111076473318,0.99,0.0044497190922574,0.22712797481641694,0.0,0.018,0.36625258400454186,,,
3,unequal,0.1,0.1,M2a simult. Bonferroni-AC,0.988,0.004869496893930627,0.186,0.017401379255679705,0.29755231994949627,0.0,0.0,0.00034299999970244244,,,
3,unequal,0.1,0.1,M2b simult. boot max-|t|,0.988,0.004869496893930627,0.198,0.01782111107647332,0.2723105699088346,0.0,0.0,0.3518860840049456,,,
3,unequal,0.1,0.1,M4 m-out-of-n (n^0.7),0.68,0.020861447696648473,0.206,0.01808668018183547,0.16637473039142703,0.0,0.022,0.2862634999983129,,,
3,unequal,0.1,0.1,M3 perm test (gap stat),,,,,,,,0.28796575000160374,,0.442,0.022209727598509622
3,unequal,0.1,0.1,M3 perm test (chi2 stat),,,,,,,,0.28796575000160374,,0.4,0.021908902300206645
3,unequal,0.1,0.2,M0 pct unstratified,0.926,0.011706750189527404,1.0,0.0,0.3087092474643537,0.0,0.008,0.5708762499998556,,,
3,unequal,0.1,0.2,M5a BCa as-is (M0 reps),0.93,0.011410521460476728,1.0,0.0,0.3087395710523084,0.0,0.008,0.6172000000005937,,,
3,unequal,0.1,0.2,M5b BCa drop-NaN (M0 reps),0.93,0.011410521460476728,1.0,0.0,0.3087395710523084,0.0,0.008,0.6177099160049693,0.0,,
3,unequal,0.1,0.2,M1 pct stratified,0.922,0.01199299795714149,1.0,0.0,0.3035005666666666,0.0,0.006,0.37470099800702883,,,
3,unequal,0.1,0.2,M5c BCa (M1 reps),0.918,0.012269963325128561,0.998,0.001997998998998749,0.30268084637803117,0.0,0.006,0.39197274800244486,,,
3,unequal,0.1,0.2,M2a simult. Bonferroni-AC,0.978,0.006559878047646925,0.566,0.02216501748251059,0.36902038441034046,0.0,0.0,0.00040408399945590645,,,
3,unequal,0.1,0.2,M2b simult. boot max-|t|,0.942,0.010453324829928518,0.572,0.022127629787213995,0.3508970884380119,0.0,0.0,0.3806392499973299,,,
3,unequal,0.1,0.2,M4 m-out-of-n (n^0.7),0.784,0.01840347793217358,0.598,0.021926969694875762,0.2599143610518131,0.0,0.006,0.3008235000015702,,,
3,unequal,0.1,0.2,M3 perm test (gap stat),,,,,,,,0.304537915995752,,0.844,0.01622738426241272
3,unequal,0.1,0.2,M3 perm test (chi2 stat),,,,,,,,0.304537915995752,,0.786,0.01834142851579451
3,unequal,0.5,0.0,M0 pct unstratified,0.0,0.0,1.0,0.0,0.2536635490829522,0.0,0.04,0.5114868339951499,,,
3,unequal,0.5,0.0,M5a BCa as-is (M0 reps),0.0,0.0,1.0,0.0,0.17732519486581677,0.0,0.038,0.5556204999957117,,,
3,unequal,0.5,0.0,M5b BCa drop-NaN (M0 reps),0.0,0.0,1.0,0.0,0.17732519486581677,0.0,0.038,0.5588038339919876,0.0,,
3,unequal,0.5,0.0,M1 pct stratified,0.0,0.0,1.0,0.0,0.2495075333333333,0.0,0.032,0.29442366599687375,,,
3,unequal,0.5,0.0,M5c BCa (M1 reps),0.0,0.0,1.0,0.0,0.17579528364729582,0.0,0.032,0.3073344160002307,,,
3,unequal,0.5,0.0,M2a simult. Bonferroni-AC,0.968,0.007870959280799264,0.032,0.007870959280799261,0.2954683247330727,0.0,0.0,0.0003396680040168576,,,
3,unequal,0.5,0.0,M2b simult. boot max-|t|,0.948,0.009929350431926557,0.052,0.00992935043192655,0.29374894759877657,0.0,0.0,0.2993552499974612,,,
3,unequal,0.5,0.0,M4 m-out-of-n (n^0.7),0.87,0.015039946808416579,0.098,0.013296315279053818,0.11523059630124792,0.0,0.162,0.2552150840056129,,,
3,unequal,0.5,0.0,M3 perm test (gap stat),,,,,,,,0.2763785819988698,,0.042,0.008970618707759236
3,unequal,0.5,0.0,M3 perm test (chi2 stat),,,,,,,,0.2763785819988698,,0.042,0.008970618707759236
3,unequal,0.5,0.02,M0 pct unstratified,0.6,0.021908902300206645,1.0,0.0,0.25363442468003167,0.0,0.03,0.49653391600440955,,,
3,unequal,0.5,0.02,M5a BCa as-is (M0 reps),0.802,0.017821111076473318,1.0,0.0,0.17747609565094205,0.0,0.03,0.5425958339983481,,,
3,unequal,0.5,0.02,M5b BCa drop-NaN (M0 reps),0.802,0.017821111076473318,1.0,0.0,0.17747609565094205,0.0,0.03,0.5428740819988889,0.0,,
3,unequal,0.5,0.02,M1 pct stratified,0.65,0.02133072900770154,1.0,0.0,0.2502155,0.0,0.024,0.2943387499981327,,,
3,unequal,0.5,0.02,M5c BCa (M1 reps),0.808,0.017614539448989292,1.0,0.0,0.1756907258120022,0.0,0.03,0.306719415995758,,,
3,unequal,0.5,0.02,M2a simult. Bonferroni-AC,0.984,0.00561141693336006,0.038,0.00855055553750749,0.2951951039011862,0.0,0.0,0.00032666599872754887,,,
3,unequal,0.5,0.02,M2b simult. boot max-|t|,0.974,0.007116740827092135,0.05,0.009746794344808964,0.2947172945878451,0.0,0.0,0.2945764159958344,,,
3,unequal,0.5,0.02,M4 m-out-of-n (n^0.7),0.874,0.01484075469779081,0.082,0.012269963325128565,0.11378519461514891,0.0,0.138,0.2519774999964284,,,
3,unequal,0.5,0.02,M3 perm test (gap stat),,,,,,,,0.27097908400173765,,0.04,0.008763560920082658
3,unequal,0.5,0.02,M3 perm test (chi2 stat),,,,,,,,0.27097908400173765,,0.046,0.00936845771725528
3,unequal,0.5,0.05,M0 pct unstratified,0.94,0.010620734437881408,1.0,0.0,0.25969458622736247,0.0,0.018,0.47910833400237607,,,
3,unequal,0.5,0.05,M5a BCa as-is (M0 reps),0.898,0.013534843922262271,1.0,0.0,0.19281938525572034,0.0,0.016,0.5241440840109135,,,
3,unequal,0.5,0.05,M5b BCa drop-NaN (M0 reps),0.898,0.013534843922262271,1.0,0.0,0.19281938525572034,0.0,0.016,0.5223675840097712,0.0,,
3,unequal,0.5,0.05,M1 pct stratified,0.944,0.010282412168358165,1.0,0.0,0.25558179999999997,0.0,0.016,0.2922289999987697,,,
3,unequal,0.5,0.05,M5c BCa (M1 reps),0.896,0.013651666564928987,0.998,0.001997998998998749,0.1907552168488673,0.0,0.014,0.30470733201218536,,,
3,unequal,0.5,0.05,M2a simult. Bonferroni-AC,0.986,0.0052543315464481325,0.062,0.010784804124322332,0.3033086085624346,0.0,0.0,0.0006268340002861805,,,
3,unequal,0.5,0.05,M2b simult. boot max-|t|,0.984,0.00561141693336006,0.084,0.012405160216619535,0.30235784574791397,0.0,0.0,0.29403849999653175,,,
3,unequal,0.5,0.05,M4 m-out-of-n (n^0.7),0.742,0.019567115270269147,0.134,0.015234434679370286,0.1266158100223298,0.0,0.12,0.25462400000105845,,,
3,unequal,0.5,0.05,M3 perm test (gap stat),,,,,,,,0.41018041600182187,,0.068,0.011258419071965654
3,unequal,0.5,0.05,M3 perm test (chi2 stat),,,,,,,,0.41018041600182187,,0.06,0.010620734437881401
3,unequal,0.5,0.1,M0 pct unstratified,0.966,0.008104813384649892,1.0,0.0,0.27252483813294814,0.0,0.014,0.5079100000002654,,,
3,unequal,0.5,0.1,M5a BCa as-is (M0 reps),0.812,0.017473179447370188,1.0,0.0,0.22394106425570143,0.0,0.014,0.5522988320080913,,,
3,unequal,0.5,0.1,M5b BCa drop-NaN (M0 reps),0.812,0.017473179447370188,1.0,0.0,0.22394106425570143,0.0,0.014,0.5639480000099866,0.0,,
3,unequal,0.5,0.1,M1 pct stratified,0.966,0.008104813384649892,1.0,0.0,0.26871154999999997,0.0,0.014,0.432962917999248,,,
3,unequal,0.5,0.1,M5c BCa (M1 reps),0.82,0.017181385275931625,0.998,0.001997998998998749,0.22099963454442903,0.0,0.014,0.4451399180034059,,,
3,unequal,0.5,0.1,M2a simult. Bonferroni-AC,0.986,0.0052543315464481325,0.13,0.015039946808416579,0.32159596854343636,0.0,0.0,0.0003441680019022897,,,
3,unequal,0.5,0.1,M2b simult. boot max-|t|,0.976,0.006844559883586383,0.186,0.017401379255679705,0.3200632188601148,0.0,0.0,0.43554166800458916,,,
3,unequal,0.5,0.1,M4 m-out-of-n (n^0.7),0.662,0.02115447943108031,0.27,0.019854470529329156,0.15859556221101087,0.0,0.102,0.2533283339944319,,,
3,unequal,0.5,0.1,M3 perm test (gap stat),,,,,,,,0.28969966799922986,,0.174,0.016954291492126704
3,unequal,0.5,0.1,M3 perm test (chi2 stat),,,,,,,,0.28969966799922986,,0.138,0.01542439626046997
3,unequal,0.5,0.2,M0 pct unstratified,0.944,0.010282412168358165,1.0,0.0,0.3019851986398116,0.0,0.004,0.4806751680007437,,,
3,unequal,0.5,0.2,M5a BCa as-is (M0 reps),0.908,0.012925633446759966,1.0,0.0,0.2911981208704632,0.0,0.004,0.525084416003665,,,
3,unequal,0.5,0.2,M5b BCa drop-NaN (M0 reps),0.908,0.012925633446759966,1.0,0.0,0.2911981208704632,0.0,0.004,0.5273320839987719,0.0,,
3,unequal,0.5,0.2,M1 pct stratified,0.942,0.010453324829928518,1.0,0.0,0.2969076,0.0,0.002,0.30575108199263923,,,
3,unequal,0.5,0.2,M5c BCa (M1 reps),0.9,0.013416407864998736,1.0,0.0,0.28581022392440686,0.0,0.002,0.3180099999954109,,,
3,unequal,0.5,0.2,M2a simult. Bonferroni-AC,0.982,0.005945754788082,0.472,0.022325590697672478,0.3628983872223026,0.0,0.0,0.0003306660000816919,,,
3,unequal,0.5,0.2,M2b simult. boot max-|t|,0.954,0.009368457717255283,0.578,0.02208691920571993,0.3556108250190814,0.0,0.0,0.3061064999928931,,,
3,unequal,0.5,0.2,M4 m-out-of-n (n^0.7),0.73,0.019854470529329156,0.716,0.020166506886419373,0.23614892955790745,0.0,0.022,0.2561494999972638,,,
3,unequal,0.5,0.2,M3 perm test (gap stat),,,,,,,,0.315245749996393,,0.602,0.02189045454073533
3,unequal,0.5,0.2,M3 perm test (chi2 stat),,,,,,,,0.315245749996393,,0.474,0.022330427671677047
5,30,0.1,0.0,M0 pct unstratified,0.0,0.0,1.0,0.0,0.23155218010914755,0.0,0.026,1.2564404160002596,,,
5,30,0.1,0.0,M5a BCa as-is (M0 reps),0.002,0.0019979989989987483,0.998,0.001997998998998749,0.15113964212594772,0.0,0.024,1.3148425820108969,,,
5,30,0.1,0.0,M5b BCa drop-NaN (M0 reps),0.002,0.0019979989989987483,0.998,0.001997998998998749,0.15113964212594772,0.0,0.024,1.3090867480059387,0.0,,
5,30,0.1,0.0,M1 pct stratified,0.0,0.0,1.0,0.0,0.22691833333333333,0.0,0.004,0.4771983319951687,,,
5,30,0.1,0.0,M5c BCa (M1 reps),0.084,0.012405160216619535,0.916,0.012405160216619531,0.1341312674463246,0.0,0.034,0.4570729140032199,,,
5,30,0.1,0.0,M2a simult. Bonferroni-AC,0.994,0.0034536936748935927,0.006,0.0034536936748935914,0.34593380096562076,0.0,0.0,0.0015408340041176416,,,
5,30,0.1,0.0,M2b simult. boot max-|t|,0.972,0.0073778045514909145,0.028,0.007377804551490911,0.33215681485694604,0.0,0.0,0.5753469159972155,,,
5,30,0.1,0.0,M4 m-out-of-n (n^0.7),0.898,0.013534843922262271,0.082,0.012269963325128565,0.1430733863934104,0.0,0.158,0.29944616600550944,,,
5,30,0.1,0.0,M3 perm test (gap stat),,,,,,,,0.4782755820051534,,0.02,0.006260990336999411
5,30,0.1,0.0,M3 perm test (chi2 stat),,,,,,,,0.4782755820051534,,0.042,0.008970618707759236
5,30,0.1,0.02,M0 pct unstratified,0.0,0.0,1.0,0.0,0.23128008338655462,0.0,0.038,1.2097743339982117,,,
5,30,0.1,0.02,M5a BCa as-is (M0 reps),0.164,0.0165592270351004,0.992,0.003983967871356396,0.14617580886310344,0.0,0.04,1.2676709160004975,,,
5,30,0.1,0.02,M5b BCa drop-NaN (M0 reps),0.164,0.0165592270351004,0.992,0.003983967871356396,0.14617580886310344,0.0,0.04,1.270184582004731,0.0,,
5,30,0.1,0.02,M1 pct stratified,0.0,0.0,1.0,0.0,0.22765666666666665,0.0,0.012,0.42096508399845334,,,
5,30,0.1,0.02,M5c BCa (M1 reps),0.264,0.019713142824014644,0.886,0.014212951839783317,0.13066398150784983,0.0,0.048,0.41240991599624977,,,
5,30,0.1,0.02,M2a simult. Bonferroni-AC,0.998,0.001997998998998749,0.008,0.003983967871356395,0.3457332732817349,0.0,0.0,0.0010267499965266325,,,
5,30,0.1,0.02,M2b simult. boot max-|t|,0.988,0.004869496893930627,0.044,0.009172131704244111,0.3319020416660616,0.0,0.0,0.5155862499959767,,,
5,30,0.1,0.02,M4 m-out-of-n (n^0.7),0.872,0.014940950438308804,0.09,0.012798437404620925,0.14091809270609354,0.0,0.18,0.28687924999394454,,,
5,30,0.1,0.02,M3 perm test (gap stat),,,,,,,,0.509506333997706,,0.012,0.004869496893930624
5,30,0.1,0.02,M3 perm test (chi2 stat),,,,,,,,0.509506333997706,,0.02,0.006260990336999411
5,30,0.1,0.05,M0 pct unstratified,0.044,0.009172131704244111,1.0,0.0,0.24312113809715263,0.0,0.018,1.127564334005001,,,
5,30,0.1,0.05,M5a BCa as-is (M0 reps),0.612,0.021792475765731623,0.998,0.001997998998998749,0.16683278696981796,0.0,0.018,1.1748680859964225,,,
5,30,0.1,0.05,M5b BCa drop-NaN (M0 reps),0.612,0.021792475765731623,0.998,0.001997998998998749,0.16683278696981796,0.0,0.018,1.1738717519983766,0.0,,
5,30,0.1,0.05,M1 pct stratified,0.096,0.013174520864152897,1.0,0.0,0.23999499999999999,0.0,0.006,0.38578849799523596,,,
5,30,0.1,0.05,M5c BCa (M1 reps),0.648,0.02135865164283551,0.934,0.01110351295761841,0.15096062212205055,0.0,0.042,0.37545116799446987,,,
5,30,0.1,0.05,M2a simult. Bonferroni-AC,0.994,0.0034536936748935927,0.016,0.005611416933360059,0.36626501774316417,0.0,0.0,0.0010186660001636483,,,
5,30,0.1,0.05,M2b simult. boot max-|t|,0.986,0.0052543315464481325,0.084,0.012405160216619535,0.35331533810384863,0.0,0.0,0.4724641659995541,,,
5,30,0.1,0.05,M4 m-out-of-n (n^0.7),0.954,0.009368457717255283,0.144,0.01570121014444428,0.16126346819661416,0.0,0.14,0.2875200000053155,,,
5,30,0.1,0.05,M3 perm test (gap stat),,,,,,,,0.43914708199736197,,0.052,0.00992935043192655
5,30,0.1,0.05,M3 perm test (chi2 stat),,,,,,,,0.43914708199736197,,0.074,0.011706750189527408
5,30,0.1,0.1,M0 pct unstratified,0.628,0.021615549958305478,1.0,0.0,0.2649916201299078,0.0,0.018,1.1134914160065819,,,
5,30,0.1,0.1,M5a BCa as-is (M0 reps),0.778,0.018585801031970613,1.0,0.0,0.20630595625720716,0.0,0.02,1.1612664139975095,,,
5,30,0.1,0.1,M5b BCa drop-NaN (M0 reps),0.778,0.018585801031970613,1.0,0.0,0.20630595625720716,0.0,0.02,1.1599375820078421,0.0,,
5,30,0.1,0.1,M1 pct stratified,0.788,0.018278730809331373,1.0,0.0,0.2611866666666666,0.0,0.006,0.39716825000505196,,,
5,30,0.1,0.1,M5c BCa (M1 reps),0.884,0.014320893826853127,0.97,0.007628892449104264,0.19077441242468615,0.0,0.018,0.38711208399763564,,,
5,30,0.1,0.1,M2a simult. Bonferroni-AC,1.0,0.0,0.07,0.011410521460476731,0.40343277340131156,0.0,0.0,0.001197667996166274,,,
5,30,0.1,0.1,M2b simult. boot max-|t|,1.0,0.0,0.174,0.016954291492126704,0.3910990208624722,0.0,0.0,0.4666753340061405,,,
5,30,0.1,0.1,M4 m-out-of-n (n^0.7),0.908,0.012925633446759966,0.286,0.020209106858047932,0.1992769132359142,0.0,0.068,0.30036316600308055,,,
5,30,0.1,0.1,M3 perm test (gap stat),,,,,,,,0.4466058339967276,,0.136,0.01532997064576446
5,30,0.1,0.1,M3 perm test (chi2 stat),,,,,,,,0.4466058339967276,,0.166,0.016639951923007473
5,30,0.1,0.2,M0 pct unstratified,0.89,0.013992855319769442,1.0,0.0,0.31093862099698927,0.0,0.004,1.4559012500030803,,,
5,30,0.1,0.2,M5a BCa as-is (M0 reps),0.852,0.015880554146502572,1.0,0.0,0.2773370099193894,0.0,0.004,1.510214415997325,,,
5,30,0.1,0.2,M5b BCa drop-NaN (M0 reps),0.852,0.015880554146502572,1.0,0.0,0.2773370099193894,0.0,0.004,1.5102490819990635,0.0,,
5,30,0.1,0.2,M1 pct stratified,0.918,0.012269963325128561,1.0,0.0,0.305925,0.0,0.002,0.48519783400843153,,,
5,30,0.1,0.2,M5c BCa (M1 reps),0.886,0.014212951839783317,0.99,0.0044497190922574,0.2593898855888538,0.0,0.008,0.462685333994159,,,
5,30,0.1,0.2,M2a simult. Bonferroni-AC,0.996,0.002822764602300377,0.35,0.02133072900770154,0.4781312365554604,0.0,0.0,0.000778334004280623,,,
5,30,0.1,0.2,M2b simult. boot max-|t|,0.994,0.0034536936748935927,0.504,0.022359964221796064,0.4626635598833225,0.0,0.0,0.5843675840005744,,,
5,30,0.1,0.2,M4 m-out-of-n (n^0.7),0.79,0.01821537811850196,0.666,0.02109236828807993,0.26161244073842,0.0,0.018,0.32735725000384264,,,
5,30,0.1,0.2,M3 perm test (gap stat),,,,,,,,0.4829940819981857,,0.456,0.022273930950777416
5,30,0.1,0.2,M3 perm test (chi2 stat),,,,,,,,0.4829940819981857,,0.518,0.022346185356789647
5,30,0.5,0.0,M0 pct unstratified,0.0,0.0,1.0,0.0,0.37062663951189156,0.0,0.034,1.4076673340023262,,,
5,30,0.5,0.0,M5a BCa as-is (M0 reps),0.0,0.0,1.0,0.0,0.2527490836846328,0.0,0.034,1.4579014159971848,,,
5,30,0.5,0.0,M5b BCa drop-NaN (M0 reps),0.0,0.0,1.0,0.0,0.2527490836846328,0.0,0.034,1.4542984159998014,0.0,,
5,30,0.5,0.0,M1 pct stratified,0.0,0.0,1.0,0.0,0.3638733333333333,0.0,0.01,0.6604934159986442,,,
5,30,0.5,0.0,M5c BCa (M1 reps),0.006,0.0034536936748935914,0.994,0.0034536936748935927,0.23239871757566197,0.0,0.062,0.6560538339908817,,,
5,30,0.5,0.0,M2a simult. Bonferroni-AC,0.938,0.010784804124322337,0.062,0.010784804124322332,0.5433696231913413,0.0,0.0,0.0006139999968581833,,,
5,30,0.5,0.0,M2b simult. boot max-|t|,0.882,0.014427473791346842,0.118,0.014427473791346842,0.5512140430474308,0.0,0.0,0.7937702519993763,,,
5,30,0.5,0.0,M4 m-out-of-n (n^0.7),0.778,0.018585801031970613,0.218,0.018464885594013304,0.23604265541189842,0.0,0.168,0.46270524999999907,,,
5,30,0.5,0.0,M3 perm test (gap stat),,,,,,,,0.4439964159973897,,0.04,0.008763560920082658
5,30,0.5,0.0,M3 perm test (chi2 stat),,,,,,,,0.4439964159973897,,0.066,0.011103512957618413
5,30,0.5,0.02,M0 pct unstratified,0.0,0.0,1.0,0.0,0.36904625749167336,0.0,0.032,1.2408845000027213,,,
5,30,0.5,0.02,M5a BCa as-is (M0 reps),0.022,0.006559878047646922,1.0,0.0,0.25219180272649794,0.0,0.034,1.2859195839992026,,,
5,30,0.5,0.02,M5b BCa drop-NaN (M0 reps),0.022,0.006559878047646922,1.0,0.0,0.25219180272649794,0.0,0.034,1.2858460819988977,0.0,,
5,30,0.5,0.02,M1 pct stratified,0.0,0.0,1.0,0.0,0.3635433333333333,0.0,0.006,0.6385432520037284,,,
5,30,0.5,0.02,M5c BCa (M1 reps),0.04,0.008763560920082658,1.0,0.0,0.23267128240513477,0.0,0.076,0.6312393339976552,,,
5,30,0.5,0.02,M2a simult. Bonferroni-AC,0.968,0.007870959280799264,0.056,0.010282412168358162,0.543740331609059,0.0,0.0,0.0009015000032377429,,,
5,30,0.5,0.02,M2b simult. boot max-|t|,0.94,0.010620734437881408,0.106,0.013766916866168693,0.5526663478913687,0.0,0.0,0.7522118339984445,,,
5,30,0.5,0.02,M4 m-out-of-n (n^0.7),0.774,0.01870422412183943,0.218,0.018464885594013304,0.2364438646760853,0.0,0.158,0.4130068339945865,,,
5,30,0.5,0.02,M3 perm test (gap stat),,,,,,,,0.483387499996752,,0.036,0.008331146379700696
5,30,0.5,0.02,M3 perm test (chi2 stat),,,,,,,,0.483387499996752,,0.056,0.010282412168358162
5,30,0.5,0.05,M0 pct unstratified,0.0,0.0,1.0,0.0,0.3694208016689655,0.0,0.026,1.3806347499994445,,,
5,30,0.5,0.05,M5a BCa as-is (M0 reps),0.474,0.022330427671677047,1.0,0.0,0.25348912423405134,0.0,0.026,1.430820000001404,,,
5,30,0.5,0.05,M5b BCa drop-NaN (M0 reps),0.474,0.022330427671677047,1.0,0.0,0.25348912423405134,0.0,0.026,1.4286084159975871,0.0,,
5,30,0.5,0.05,M1 pct stratified,0.0,0.0,1.0,0.0,0.3632783333333333,0.0,0.014,0.6815579999965848,,,
5,30,0.5,0.05,M5c BCa (M1 reps),0.498,0.02236050088884415,1.0,0.0,0.2321986599127778,0.0,0.068,0.6757314159985981,,,
5,30,0.5,0.05,M2a simult. Bonferroni-AC,0.964,0.008331146379700699,0.082,0.012269963325128565,0.5439669570393975,0.0,0.0,0.0006350840048980899,,,
5,30,0.5,0.05,M2b simult. boot max-|t|,0.952,0.009559916317625384,0.134,0.015234434679370286,0.5521410683612521,0.0,0.0,0.7958311659967876,,,
5,30,0.5,0.05,M4 m-out-of-n (n^0.7),0.848,0.01605590234150669,0.232,0.018877287940803362,0.23514737322955473,0.0,0.162,0.43391008199978387,,,
5,30,0.5,0.05,M3 perm test (gap stat),,,,,,,,0.4401469160002307,,0.062,0.010784804124322332
5,30,0.5,0.05,M3 perm test (chi2 stat),,,,,,,,0.4401469160002307,,0.076,0.011851075900524812
5,30,0.5,0.1,M0 pct unstratified,0.178,0.017106489996489636,1.0,0.0,0.3724949046398801,0.0,0.016,1.2870270839994191,,,
5,30,0.5,0.1,M5a BCa as-is (M0 reps),0.802,0.017821111076473318,1.0,0.0,0.26747586292464776,0.0,0.016,1.333395752000797,,,
5,30,0.5,0.1,M5b BCa drop-NaN (M0 reps),0.802,0.017821111076473318,1.0,0.0,0.26747586292464776,0.0,0.016,1.333737752000161,0.0,,
5,30,0.5,0.1,M1 pct stratified,0.414,0.0220274374360705,1.0,0.0,0.36760000000000004,0.0,0.006,0.6526315020018956,,,
5,30,0.5,0.1,M5c BCa (M1 reps),0.82,0.017181385275931625,0.996,0.002822764602300377,0.24679685197588955,0.0,0.054,0.648346918002062,,,
5,30,0.5,0.1,M2a simult. Bonferroni-AC,0.986,0.0052543315464481325,0.106,0.013766916866168693,0.5527916565677584,0.0,0.0,0.000941083999350667,,,
5,30,0.5,0.1,M2b simult. boot max-|t|,0.974,0.007116740827092135,0.156,0.01622738426241272,0.5607959126435135,0.0,0.0,0.7314915000024484,,,
5,30,0.5,0.1,M4 m-out-of-n (n^0.7),0.898,0.013534843922262271,0.252,0.019416281827373642,0.25025059280085404,0.0,0.106,0.4182126680025249,,,
5,30,0.5,0.1,M3 perm test (gap stat),,,,,,,,0.4432855820050463,,0.082,0.012269963325128565
5,30,0.5,0.1,M3 perm test (chi2 stat),,,,,,,,0.4432855820050463,,0.096,0.013174520864152897
5,30,0.5,0.2,M0 pct unstratified,0.67,0.02102855201862458,1.0,0.0,0.3807484968151856,0.0,0.006,1.283567417995073,,,
5,30,0.5,0.2,M5a BCa as-is (M0 reps),0.822,0.01710648999648964,1.0,0.0,0.31760517103487756,0.0,0.006,1.330149833993346,,,
5,30,0.5,0.2,M5b BCa drop-NaN (M0 reps),0.822,0.01710648999648964,1.0,0.0,0.31760517103487756,0.0,0.006,1.3310119179950561,0.0,,
5,30,0.5,0.2,M1 pct stratified,0.748,0.019416281827373642,1.0,0.0,0.376505,0.0,0.002,0.6446439159990405,,,
5,30,0.5,0.2,M5c BCa (M1 reps),0.856,0.015701210144444283,1.0,0.0,0.3003682338393653,0.0,0.01,0.6410634979984025,,,
5,30,0.5,0.2,M2a simult. Bonferroni-AC,0.992,0.003983967871356396,0.284,0.020166506886419373,0.5892148461437876,0.0,0.0,0.001370500001939945,,,
5,30,0.5,0.2,M2b simult. boot max-|t|,0.978,0.006559878047646925,0.376,0.021662132858977667,0.5933520836293013,0.0,0.0,0.7240251659968635,,,
5,30,0.5,0.2,M4 m-out-of-n (n^0.7),0.768,0.018877287940803362,0.56,0.02219909908081857,0.29626453450131257,0.0,0.034,0.413692832000379,,,
5,30,0.5,0.2,M3 perm test (gap stat),,,,,,,,0.43665358400176046,,0.254,0.019467100451787882
5,30,0.5,0.2,M3 perm test (chi2 stat),,,,,,,,0.43665358400176046,,0.3,0.020493901531919195
5,100,0.1,0.0,M0 pct unstratified,0.0,0.0,1.0,0.0,0.12583612554017812,0.0,0.04,1.1495655000035185,,,
5,100,0.1,0.0,M5a BCa as-is (M0 reps),0.0,0.0,1.0,0.0,0.0838765723221594,0.0,0.04,1.1991427500033751,,,
5,100,0.1,0.0,M5b BCa drop-NaN (M0 reps),0.0,0.0,1.0,0.0,0.0838765723221594,0.0,0.04,1.1986805819979054,0.0,,
5,100,0.1,0.0,M1 pct stratified,0.0,0.0,1.0,0.0,0.125182,0.0,0.024,0.6445689180036425,,,
5,100,0.1,0.0,M5c BCa (M1 reps),0.006,0.0034536936748935914,0.994,0.0034536936748935927,0.08012663626426546,0.0,0.054,0.6396827500066138,,,
5,100,0.1,0.0,M2a simult. Bonferroni-AC,0.95,0.00974679434480897,0.05,0.009746794344808964,0.190118021045077,0.0,0.0,0.0014168320049066097,,,
5,100,0.1,0.0,M2b simult. boot max-|t|,0.926,0.011706750189527404,0.074,0.011706750189527408,0.1846999069409916,0.0,0.0,0.7774061680029263,,,
5,100,0.1,0.0,M4 m-out-of-n (n^0.7),0.85,0.015968719422671314,0.144,0.01570121014444428,0.079193,0.0,0.09,0.6031692500037025,,,
5,100,0.1,0.0,M3 perm test (gap stat),,,,,,,,0.6736104160008836,,0.052,0.00992935043192655
5,100,0.1,0.0,M3 perm test (chi2 stat),,,,,,,,0.6736104160008836,,0.066,0.011103512957618413
5,100,0.1,0.02,M0 pct unstratified,0.0,0.0,1.0,0.0,0.128152978898345,0.0,0.034,1.0872234999987995,,,
5,100,0.1,0.02,M5a BCa as-is (M0 reps),0.534,0.022308921982023246,1.0,0.0,0.08808843323530041,0.0,0.034,1.1404544999968493,,,
5,100,0.1,0.02,M5b BCa drop-NaN (M0 reps),0.534,0.022308921982023246,1.0,0.0,0.08808843323530041,0.0,0.034,1.1375664159932057,0.0,,
5,100,0.1,0.02,M1 pct stratified,0.014,0.00525433154644813,1.0,0.0,0.12821,0.0,0.026,0.6812798339960864,,,
5,100,0.1,0.02,M5c BCa (M1 reps),0.62,0.021707141681944216,0.994,0.0034536936748935927,0.08475439614237465,0.0,0.048,0.6764961659937399,,,
5,100,0.1,0.02,M2a simult. Bonferroni-AC,0.986,0.0052543315464481325,0.05,0.009746794344808964,0.19524836233318046,0.0,0.0,0.0014258320006774738,,,
5,100,0.1,0.02,M2b simult. boot max-|t|,0.974,0.007116740827092135,0.078,0.011992997957141493,0.18985482472912452,0.0,0.0,0.7922930839922628,,,
5,100,0.1,0.02,M4 m-out-of-n (n^0.7),0.898,0.013534843922262271,0.186,0.017401379255679705,0.083101,0.0,0.072,0.4700054160057334,,,
5,100,0.1,0.02,M3 perm test (gap stat),,,,,,,,0.4948329160033609,,0.056,0.010282412168358162
5,100,0.1,0.02,M3 perm test (chi2 stat),,,,,,,,0.4948329160033609,,0.08,0.01213260071048248
5,100,0.1,0.05,M0 pct unstratified,0.554,0.022229889788300795,1.0,0.0,0.13824168789234545,0.0,0.014,1.0093959999940125,,,
5,100,0.1,0.05,M5a BCa as-is (M0 reps),0.808,0.017614539448989292,1.0,0.0,0.10625223105915568,0.0,0.014,1.0594351660038228,,,
5,100,0.1,0.05,M5b BCa drop-NaN (M0 reps),0.808,0.017614539448989292,1.0,0.0,0.10625223105915568,0.0,0.014,1.0594981660033227,0.0,,
5,100,0.1,0.05,M1 pct stratified,0.626,0.021639038795658184,1.0,0.0,0.13821049999999996,0.0,0.006,0.657526750001125,,,
5,100,0.1,0.05,M5c BCa (M1 reps),0.856,0.015701210144444283,1.0,0.0,0.10331173926756133,0.0,0.024,0.6537864980055019,,,
5,100,0.1,0.05,M2a simult. Bonferroni-AC,0.992,0.003983967871356396,0.122,0.014636666287102402,0.214353603629541,0.0,0.0,0.0011558319965843111,,,
5,100,0.1,0.05,M2b simult. boot max-|t|,0.988,0.004869496893930627,0.178,0.017106489996489636,0.20868983076735392,0.0,0.0,0.7519619180020527,,,
5,100,0.1,0.05,M4 m-out-of-n (n^0.7),0.898,0.013534843922262271,0.348,0.02130239423163509,0.097964,0.0,0.058,0.3824129999993602,,,
5,100,0.1,0.05,M3 perm test (gap stat),,,,,,,,0.4525311680044979,,0.15,0.015968719422671314
5,100,0.1,0.05,M3 perm test (chi2 stat),,,,,,,,0.4525311680044979,,0.182,0.01725549187939886
5,100,0.1,0.1,M0 pct unstratified,0.87,0.015039946808416579,1.0,0.0,0.1570936395860885,0.0,0.006,0.9751739179992001,,,
5,100,0.1,0.1,M5a BCa as-is (M0 reps),0.87,0.015039946808416579,1.0,0.0,0.139278374840958,0.0,0.006,1.0207186679981533,,,
5,100,0.1,0.1,M5b BCa drop-NaN (M0 reps),0.87,0.015039946808416579,1.0,0.0,0.139278374840958,0.0,0.006,1.0213067519944161,0.0,,
5,100,0.1,0.1,M1 pct stratified,0.896,0.013651666564928987,1.0,0.0,0.15678699999999998,0.0,0.004,0.6510490819928236,,,
5,100,0.1,0.1,M5c BCa (M1 reps),0.9,0.013416407864998736,0.998,0.001997998998998749,0.13571972125030277,0.0,0.006,0.6487922519954736,,,
5,100,0.1,0.1,M2a simult. Bonferroni-AC,0.998,0.001997998998998749,0.402,0.021926969694875762,0.2477560008256942,0.0,0.0,0.000640500002191402,,,
5,100,0.1,0.1,M2b simult. boot max-|t|,0.996,0.002822764602300377,0.482,0.022346185356789647,0.23964927358961882,0.0,0.0,0.7311175819922937,,,
5,100,0.1,0.1,M4 m-out-of-n (n^0.7),0.84,0.01639512122553536,0.662,0.02115447943108031,0.12523399999999998,0.0,0.022,0.39039016599417664,,,
5,100,0.1,0.1,M3 perm test (gap stat),,,,,,,,0.44651266599976225,,0.468,0.022314838112789438
5,100,0.1,0.1,M3 perm test (chi2 stat),,,,,,,,0.44651266599976225,,0.488,0.022354238971613417
5,100,0.1,0.2,M0 pct unstratified,0.882,0.014427473791346842,1.0,0.0,0.19186883763817758,0.0,0.0,0.9852199160013697,,,
5,100,0.1,0.2,M5a BCa as-is (M0 reps),0.922,0.01199299795714149,1.0,0.0,0.18828158823501506,0.0,0.0,1.0317530840038671,,,
5,100,0.1,0.2,M5b BCa drop-NaN (M0 reps),0.922,0.01199299795714149,1.0,0.0,0.18828158823501506,0.0,0.0,1.0314897499993094,0.0,,
5,100,0.1,0.2,M1 pct stratified,0.902,0.013296315279053816,1.0,0.0,0.1911565,0.0,0.0,0.6554405839997344,,,
5,100,0.1,0.2,M5c BCa (M1 reps),0.938,0.010784804124322337,1.0,0.0,0.1851771971119004,0.0,0.0,0.6554582499957178,,,
5,100,0.1,0.2,M2a simult. Bonferroni-AC,0.994,0.0034536936748935927,0.97,0.007628892449104264,0.2944639623756198,0.0,0.0,0.0008424999978160486,,,
5,100,0.1,0.2,M2b simult. boot max-|t|,0.992,0.003983967871356396,0.978,0.006559878047646925,0.2826722735964933,0.0,0.0,0.7566147520046798,,,
5,100,0.1,0.2,M4 m-out-of-n (n^0.7),0.91,0.012798437404620923,0.992,0.003983967871356396,0.172406,0.0,0.0,0.4099179999975604,,,
5,100,0.1,0.2,M3 perm test (gap stat),,,,,,,,0.4327644160002819,,0.982,0.005945754788082
5,100,0.1,0.2,M3 perm test (chi2 stat),,,,,,,,0.4327644160002819,,0.984,0.00561141693336006
5,100,0.5,0.0,M0 pct unstratified,0.0,0.0,1.0,0.0,0.2066354642303519,0.0,0.04,0.8768830839981092,,,
5,100,0.5,0.0,M5a BCa as-is (M0 reps),0.0,0.0,1.0,0.0,0.14113599944597405,0.0,0.04,0.9225587499968242,,,
5,100,0.5,0.0,M5b BCa drop-NaN (M0 reps),0.0,0.0,1.0,0.0,0.14113599944597405,0.0,0.04,0.9222259180023684,0.0,,
5,100,0.5,0.0,M1 pct stratified,0.0,0.0,1.0,0.0,0.20631699999999994,0.0,0.026,0.5127173340006266,,,
5,100,0.5,0.0,M5c BCa (M1 reps),0.0,0.0,1.0,0.0,0.13680004343620733,0.0,0.038,0.5163240000038058,,,
5,100,0.5,0.0,M2a simult. Bonferroni-AC,0.946,0.010107818755794947,0.054,0.010107818755794942,0.31082026813530017,0.0,0.0,0.0007984160038176924,,,
5,100,0.5,0.0,M2b simult. boot max-|t|,0.928,0.0115599307956406,0.072,0.011559930795640603,0.3090323296351533,0.0,0.0,0.6001401659959811,,,
5,100,0.5,0.0,M4 m-out-of-n (n^0.7),0.824,0.017030795636141023,0.174,0.016954291492126704,0.127354,0.0,0.178,0.6097980839986121,,,
5,100,0.5,0.0,M3 perm test (gap stat),,,,,,,,0.4432440000018687,,0.052,0.00992935043192655
5,100,0.5,0.0,M3 perm test (chi2 stat),,,,,,,,0.4432440000018687,,0.07,0.011410521460476731
5,100,0.5,0.02,M0 pct unstratified,0.0,0.0,1.0,0.0,0.20671060804719968,0.0,0.03,0.8816704159980873,,,
5,100,0.5,0.02,M5a BCa as-is (M0 reps),0.22,0.018525657883055057,1.0,0.0,0.14087468648984333,0.0,0.03,0.9280894159965101,,,
5,100,0.5,0.02,M5b BCa drop-NaN (M0 reps),0.22,0.018525657883055057,1.0,0.0,0.14087468648984333,0.0,0.03,0.9277932499971939,0.0,,
5,100,0.5,0.02,M1 pct stratified,0.0,0.0,1.0,0.0,0.20534499999999997,0.0,0.022,0.6646654979995219,,,
5,100,0.5,0.02,M5c BCa (M1 reps),0.25,0.019364916731037084,1.0,0.0,0.13607050511299895,0.0,0.038,0.6694941659952747,,,
5,100,0.5,0.02,M2a simult. Bonferroni-AC,0.976,0.006844559883586383,0.056,0.010282412168358162,0.3105307067747784,0.0,0.0,0.0006425000028684735,,,
5,100,0.5,0.02,M2b simult. boot max-|t|,0.964,0.008331146379700699,0.064,0.010945684080951725,0.3083323828591673,0.0,0.0,0.7473709159967257,,,
5,100,0.5,0.02,M4 m-out-of-n (n^0.7),0.884,0.014320893826853127,0.152,0.016055902341506688,0.12686699999999998,0.0,0.186,0.6042626659982488,,,
5,100,0.5,0.02,M3 perm test (gap stat),,,,,,,,0.4552177500008838,,0.05,0.009746794344808964
5,100,0.5,0.02,M3 perm test (chi2 stat),,,,,,,,0.4552177500008838,,0.058,0.010453324829928513
5,100,0.5,0.05,M0 pct unstratified,0.128,0.014940950438308804,1.0,0.0,0.20878967704867593,0.0,0.03,0.8762740820020554,,,
5,100,0.5,0.05,M5a BCa as-is (M0 reps),0.74,0.019616319736382767,1.0,0.0,0.1486069222743716,0.0,0.028,0.9228180819991394,,,
5,100,0.5,0.05,M5b BCa drop-NaN (M0 reps),0.74,0.019616319736382767,1.0,0.0,0.1486069222743716,0.0,0.028,0.922586250002496,0.0,,
5,100,0.5,0.05,M1 pct stratified,0.234,0.018933779337469845,1.0,0.0,0.20828299999999997,0.0,0.016,0.5162934159961878,,,
5,100,0.5,0.05,M5c BCa (M1 reps),0.784,0.01840347793217358,1.0,0.0,0.14539724301412027,0.0,0.028,0.5219088319936418,,,
5,100,0.5,0.05,M2a simult. Bonferroni-AC,0.98,0.006260990336999414,0.07,0.011410521460476731,0.31694778369462356,0.0,0.0,0.0013982499949634075,,,
5,100,0.5,0.05,M2b simult. boot max-|t|,0.978,0.006559878047646925,0.09,0.012798437404620925,0.3147861620962351,0.0,0.0,0.606552165998437,,,
5,100,0.5,0.05,M4 m-out-of-n (n^0.7),0.886,0.014212951839783317,0.234,0.018933779337469845,0.13421999999999998,0.0,0.162,0.6156930839933921,,,
5,100,0.5,0.05,M3 perm test (gap stat),,,,,,,,0.456410582002718,,0.072,0.011559930795640603
5,100,0.5,0.05,M3 perm test (chi2 stat),,,,,,,,0.456410582002718,,0.098,0.013296315279053818
5,100,0.5,0.1,M0 pct unstratified,0.658,0.021214900423994452,1.0,0.0,0.2174227634167607,0.0,0.014,0.8759391679996043,,,
5,100,0.5,0.1,M5a BCa as-is (M0 reps),0.854,0.015791390059142988,1.0,0.0,0.17629044434519875,0.0,0.014,0.9221691679922515,,,
5,100,0.5,0.1,M5b BCa drop-NaN (M0 reps),0.854,0.015791390059142988,1.0,0.0,0.17629044434519875,0.0,0.014,0.923700667990488,0.0,,
5,100,0.5,0.1,M1 pct stratified,0.704,0.020414896521902825,1.0,0.0,0.21654749999999995,0.0,0.008,0.523722165999061,,,
5,100,0.5,0.1,M5c BCa (M1 reps),0.88,0.014532721699667961,1.0,0.0,0.17163415981102015,0.0,0.014,0.5278540840008645,,,
5,100,0.5,0.1,M2a simult. Bonferroni-AC,0.996,0.002822764602300377,0.236,0.018989681408596616,0.33925168741156725,0.0,0.0,0.0012043319948134013,,,
5,100,0.5,0.1,M2b simult. boot max-|t|,0.99,0.0044497190922574,0.282,0.020123419192572618,0.33590222157912575,0.0,0.0,0.5971875820032437,,,
5,100,0.5,0.1,M4 m-out-of-n (n^0.7),0.818,0.017255491879398864,0.412,0.02201163328787757,0.15948499999999996,0.0,0.062,0.6060163340007421,,,
5,100,0.5,0.1,M3 perm test (gap stat),,,,,,,,0.4481907500012312,,0.23,0.01882020191177555
5,100,0.5,0.1,M3 perm test (chi2 stat),,,,,,,,0.4481907500012312,,0.256,0.01951737687293044
5,100,0.5,0.2,M0 pct unstratified,0.79,0.01821537811850196,1.0,0.0,0.2306297297483328,0.0,0.0,0.9270403340051416,,,
5,100,0.5,0.2,M5a BCa as-is (M0 reps),0.914,0.01253826144248077,1.0,0.0,0.22140335614747653,0.0,0.0,0.9723674999986542,,,
5,100,0.5,0.2,M5b BCa drop-NaN (M0 reps),0.914,0.01253826144248077,1.0,0.0,0.22140335614747653,0.0,0.0,0.9715635020038462,0.0,,
5,100,0.5,0.2,M1 pct stratified,0.812,0.017473179447370188,1.0,0.0,0.2299635,0.0,0.0,0.5621419160015648,,,
5,100,0.5,0.2,M5c BCa (M1 reps),0.922,0.01199299795714149,1.0,0.0,0.21875321046086058,0.0,0.0,0.5675929980061483,,,
5,100,0.5,0.2,M2a simult. Bonferroni-AC,0.978,0.006559878047646925,0.856,0.015701210144444283,0.3712235300074672,0.0,0.0,0.0010105000037583522,,,
5,100,0.5,0.2,M2b simult. boot max-|t|,0.97,0.007628892449104264,0.894,0.013766916866168691,0.36309212903026467,0.0,0.0,0.6396371660011937,,,
5,100,0.5,0.2,M4 m-out-of-n (n^0.7),0.858,0.01560999679692472,0.952,0.009559916317625384,0.19974899999999998,0.0,0.0,0.5881760839984054,,,
5,100,0.5,0.2,M3 perm test (gap stat),,,,,,,,0.4441026660060743,,0.852,0.015880554146502572
5,100,0.5,0.2,M3 perm test (chi2 stat),,,,,,,,0.4441026660060743,,0.876,0.014739335127474372
5,1000,0.1,0.0,M0 pct unstratified,0.0,0.0,1.0,0.0,0.039208643476743715,0.0,0.05,0.6598665839992464,,,
5,1000,0.1,0.0,M5a BCa as-is (M0 reps),0.0,0.0,1.0,0.0,0.025876247429296065,0.0,0.048,0.705066499998793,,,
5,1000,0.1,0.0,M5b BCa drop-NaN (M0 reps),0.0,0.0,1.0,0.0,0.025876247429296065,0.0,0.048,0.7058994180042646,0.0,,
5,1000,0.1,0.0,M1 pct stratified,0.0,0.0,1.0,0.0,0.03914575000000001,0.0,0.04,0.4261303339881124,,,
5,1000,0.1,0.0,M5c BCa (M1 reps),0.0,0.0,1.0,0.0,0.025152929657300937,0.0,0.05,0.4354088319960283,,,
5,1000,0.1,0.0,M2a simult. Bonferroni-AC,0.952,0.009559916317625384,0.048,0.009559916317625379,0.059282057977208744,0.0,0.0,0.0007463340007234365,,,
5,1000,0.1,0.0,M2b simult. boot max-|t|,0.942,0.010453324829928518,0.058,0.010453324829928513,0.05806019216027968,0.0,0.0,0.502823165996233,,,
5,1000,0.1,0.0,M4 m-out-of-n (n^0.7),0.862,0.01542439626046997,0.126,0.01484075469779081,0.02030505376032873,0.0,0.598,0.6587801659989054,,,
5,1000,0.1,0.0,M3 perm test (gap stat),,,,,,,,0.4898207500009448,,0.054,0.010107818755794942
5,1000,0.1,0.0,M3 perm test (chi2 stat),,,,,,,,0.4898207500009448,,0.054,0.010107818755794942
5,1000,0.1,0.02,M0 pct unstratified,0.678,0.020895741192884256,1.0,0.0,0.04332471227459005,0.0,0.006,0.661042500003532,,,
5,1000,0.1,0.02,M5a BCa as-is (M0 reps),0.816,0.017328819925199756,1.0,0.0,0.03575805058713378,0.0,0.006,0.7080148319946602,,,
5,1000,0.1,0.02,M5b BCa drop-NaN (M0 reps),0.816,0.017328819925199756,1.0,0.0,0.03575805058713378,0.0,0.006,0.7076275819999864,0.0,,
5,1000,0.1,0.02,M1 pct stratified,0.694,0.020608930103234373,1.0,0.0,0.043362599999999994,0.0,0.004,0.42916258200421,,,
5,1000,0.1,0.02,M5c BCa (M1 reps),0.822,0.01710648999648964,1.0,0.0,0.03527351290464787,0.0,0.006,0.4397776640034863,,,
5,1000,0.1,0.02,M2a simult. Bonferroni-AC,0.996,0.002822764602300377,0.264,0.019713142824014644,0.06815252012014826,0.0,0.0,0.0012351659970590845,,,
5,1000,0.1,0.02,M2b simult. boot max-|t|,0.996,0.002822764602300377,0.29,0.020292855885754472,0.06666034196579872,0.0,0.0,0.5086152480071178,,,
5,1000,0.1,0.02,M4 m-out-of-n (n^0.7),0.81,0.01754422982065613,0.398,0.02189045454073533,0.029264641715601503,0.0,0.254,0.6944629159988835,,,
5,1000,0.1,0.02,M3 perm test (gap stat),,,,,,,,0.5105254180016345,,0.288,0.020251222185339826
5,1000,0.1,0.02,M3 perm test (chi2 stat),,,,,,,,0.5105254180016345,,0.288,0.020251222185339826
5,1000,0.1,0.05,M0 pct unstratified,0.846,0.016142118820031033,1.0,0.0,0.051212309885080035,0.0,0.0,0.6490250839997316,,,
5,1000,0.1,0.05,M5a BCa as-is (M0 reps),0.912,0.012669333052690657,1.0,0.0,0.049571871583087714,0.0,0.0,0.6969441679975716,,,
5,1000,0.1,0.05,M5b BCa drop-NaN (M0 reps),0.912,0.012669333052690657,1.0,0.0,0.049571871583087714,0.0,0.0,0.6953515839995816,0.0,,
5,1000,0.1,0.05,M1 pct stratified,0.856,0.015701210144444283,1.0,0.0,0.0513451,0.0,0.0,0.431460915999196,,,
5,1000,0.1,0.05,M5c BCa (M1 reps),0.922,0.01199299795714149,1.0,0.0,0.04958756663785891,0.0,0.0,0.4469593320027343,,,
5,1000,0.1,0.05,M2a simult. Bonferroni-AC,0.996,0.002822764602300377,0.946,0.010107818755794947,0.0811562656207481,0.0,0.0,0.0013756659973296337,,,
5,1000,0.1,0.05,M2b simult. boot max-|t|,0.994,0.0034536936748935927,0.95,0.00974679434480897,0.07871032216705484,0.0,0.0,0.5248080819947063,,,
5,1000,0.1,0.05,M4 m-out-of-n (n^0.7),0.836,0.0165592270351004,0.982,0.005945754788082,0.042230646847256026,0.0,0.002,0.692918581997219,,,
5,1000,0.1,0.05,M3 perm test (gap stat),,,,,,,,0.5191126680001616,,0.954,0.009368457717255283
5,1000,0.1,0.05,M3 perm test (chi2 stat),,,,,,,,0.5191126680001616,,0.96,0.008763560920082661
5,1000,0.1,0.1,M0 pct unstratified,0.834,0.016639951923007473,1.0,0.0,0.056627160128390155,0.0,0.0,0.6645305839992943,,,
5,1000,0.1,0.1,M5a BCa as-is (M0 reps),0.906,0.013050976974924135,1.0,0.0,0.055712447390486634,0.0,0.0,0.7110798339926987,,,
5,1000,0.1,0.1,M5b BCa drop-NaN (M0 reps),0.906,0.013050976974924135,1.0,0.0,0.055712447390486634,0.0,0.0,0.7116603339964058,0.0,,
5,1000,0.1,0.1,M1 pct stratified,0.84,0.01639512122553536,1.0,0.0,0.05673469999999999,0.0,0.0,0.4185835840034997,,,
5,1000,0.1,0.1,M5c BCa (M1 reps),0.914,0.01253826144248077,1.0,0.0,0.05576772950437422,0.0,0.0,0.43200258400611347,,,
5,1000,0.1,0.1,M2a simult. Bonferroni-AC,0.992,0.003983967871356396,1.0,0.0,0.08750391173195146,0.0,0.0,0.0013829160016030073,,,
5,1000,0.1,0.1,M2b simult. boot max-|t|,0.992,0.003983967871356396,1.0,0.0,0.08457416717139797,0.0,0.0,0.5134545000037178,,,
5,1000,0.1,0.1,M4 m-out-of-n (n^0.7),0.922,0.01199299795714149,1.0,0.0,0.053020047875181206,0.0,0.0,0.7298287500016158,,,
5,1000,0.1,0.1,M3 perm test (gap stat),,,,,,,,0.5628889159997925,,1.0,0.0
5,1000,0.1,0.1,M3 perm test (chi2 stat),,,,,,,,0.5628889159997925,,1.0,0.0
5,1000,0.1,0.2,M0 pct unstratified,0.854,0.015791390059142988,1.0,0.0,0.0630742273954682,0.0,0.0,0.6498789999968722,,,
5,1000,0.1,0.2,M5a BCa as-is (M0 reps),0.886,0.014212951839783317,1.0,0.0,0.06238157639933537,0.0,0.0,0.6982310799940024,,,
5,1000,0.1,0.2,M5b BCa drop-NaN (M0 reps),0.886,0.014212951839783317,1.0,0.0,0.06238157639933537,0.0,0.0,0.69668766399991,0.0,,
5,1000,0.1,0.2,M1 pct stratified,0.86,0.01551773179301666,1.0,0.0,0.06313274999999997,0.0,0.0,0.41682625000248663,,,
5,1000,0.1,0.2,M5c BCa (M1 reps),0.9,0.013416407864998736,1.0,0.0,0.062202183095918205,0.0,0.0,0.4318951679961174,,,
5,1000,0.1,0.2,M2a simult. Bonferroni-AC,0.994,0.0034536936748935927,1.0,0.0,0.09601573916775342,0.0,0.0,0.0008245839999290183,,,
5,1000,0.1,0.2,M2b simult. boot max-|t|,0.992,0.003983967871356396,1.0,0.0,0.09276362825018429,0.0,0.0,0.49594208400230855,,,
5,1000,0.1,0.2,M4 m-out-of-n (n^0.7),0.928,0.0115599307956406,1.0,0.0,0.06140679526293718,0.0,0.0,0.6267435000045225,,,
5,1000,0.1,0.2,M3 perm test (gap stat),,,,,,,,0.5349901680019684,,1.0,0.0
5,1000,0.1,0.2,M3 perm test (chi2 stat),,,,,,,,0.5349901680019684,,1.0,0.0
5,1000,0.5,0.0,M0 pct unstratified,0.0,0.0,1.0,0.0,0.0656433786153856,0.0,0.044,0.5804378339962568,,,
5,1000,0.5,0.0,M5a BCa as-is (M0 reps),0.0,0.0,1.0,0.0,0.04443549733197015,0.0,0.04,0.6259728359946166,,,
5,1000,0.5,0.0,M5b BCa drop-NaN (M0 reps),0.0,0.0,1.0,0.0,0.04443549733197015,0.0,0.04,0.629288917996746,0.0,,
5,1000,0.5,0.0,M1 pct stratified,0.0,0.0,1.0,0.0,0.06556725000000001,0.0,0.03,0.34275883399823215,,,
5,1000,0.5,0.0,M5c BCa (M1 reps),0.0,0.0,1.0,0.0,0.043426871349974194,0.0,0.044,0.3534867519920226,,,
5,1000,0.5,0.0,M2a simult. Bonferroni-AC,0.96,0.008763560920082661,0.04,0.008763560920082658,0.09963286654349199,0.0,0.0,0.0005690840043826029,,,
5,1000,0.5,0.0,M2b simult. boot max-|t|,0.94,0.010620734437881408,0.06,0.010620734437881401,0.0978684657994173,0.0,0.0,0.4360800840004231,,,
5,1000,0.5,0.0,M4 m-out-of-n (n^0.7),0.852,0.015880554146502572,0.138,0.01542439626046997,0.03500824659267695,0.0,0.616,0.46990508200542536,,,
5,1000,0.5,0.0,M3 perm test (gap stat),,,,,,,,0.5383327500021551,,0.048,0.009559916317625379
5,1000,0.5,0.0,M3 perm test (chi2 stat),,,,,,,,0.5383327500021551,,0.056,0.010282412168358162
5,1000,0.5,0.02,M0 pct unstratified,0.318,0.020826713614970557,1.0,0.0,0.06764005597398406,0.0,0.022,0.617833584001346,,,
5,1000,0.5,0.02,M5a BCa as-is (M0 reps),0.792,0.018151363585141474,1.0,0.0,0.050491704431742834,0.0,0.02,0.6665024139947491,,,
5,1000,0.5,0.02,M5b BCa drop-NaN (M0 reps),0.792,0.018151363585141474,1.0,0.0,0.050491704431742834,0.0,0.02,0.6641245819992037,0.0,,
5,1000,0.5,0.02,M1 pct stratified,0.364,0.02151762068631195,1.0,0.0,0.06770714999999998,0.0,0.02,0.3406075000020792,,,
5,1000,0.5,0.02,M5c BCa (M1 reps),0.786,0.01834142851579451,1.0,0.0,0.04992273845559993,0.0,0.024,0.35768308399565285,,,
5,1000,0.5,0.02,M2a simult. Bonferroni-AC,0.992,0.003983967871356396,0.11,0.013992855319769442,0.1046386659420819,0.0,0.0,0.0009955839996109717,,,
5,1000,0.5,0.02,M2b simult. boot max-|t|,0.988,0.004869496893930627,0.138,0.01542439626046997,0.10279322628196402,0.0,0.0,0.41833091800072,,,
5,1000,0.5,0.02,M4 m-out-of-n (n^0.7),0.832,0.01671980861134481,0.258,0.019567115270269147,0.040691262760695346,0.0,0.464,0.46036049999383977,,,
5,1000,0.5,0.02,M3 perm test (gap stat),,,,,,,,0.5555831659949035,,0.12,0.014532721699667961
5,1000,0.5,0.02,M3 perm test (chi2 stat),,,,,,,,0.5555831659949035,,0.114,0.014212951839783319
5,1000,0.5,0.05,M0 pct unstratified,0.782,0.018464885594013304,1.0,0.0,0.07407236315661163,0.0,0.0,0.5782831680044183,,,
5,1000,0.5,0.05,M5a BCa as-is (M0 reps),0.874,0.01484075469779081,1.0,0.0,0.06750193798795083,0.0,0.0,0.62484516800032,,,
5,1000,0.5,0.05,M5b BCa drop-NaN (M0 reps),0.874,0.01484075469779081,1.0,0.0,0.06750193798795083,0.0,0.0,0.6253503340049065,0.0,,
5,1000,0.5,0.05,M1 pct stratified,0.788,0.018278730809331373,1.0,0.0,0.07397234999999995,0.0,0.0,0.3424283319909591,,,
5,1000,0.5,0.05,M5c BCa (M1 reps),0.882,0.014427473791346842,1.0,0.0,0.06730403235549472,0.0,0.0,0.3591098319957382,,,
5,1000,0.5,0.05,M2a simult. Bonferroni-AC,0.994,0.0034536936748935927,0.582,0.02205792374635473,0.11914019760553925,0.0,0.0,0.0006553339990205131,,,
5,1000,0.5,0.05,M2b simult. boot max-|t|,0.986,0.0052543315464481325,0.606,0.021852414054287,0.11616959282422212,0.0,0.0,0.43894541599729564,,,
5,1000,0.5,0.05,M4 m-out-of-n (n^0.7),0.762,0.01904499934365974,0.732,0.0198078772209442,0.05650704396650323,0.0,0.1,0.4709577499961597,,,
5,1000,0.5,0.05,M3 perm test (gap stat),,,,,,,,0.5432240839945734,,0.6,0.021908902300206645
5,1000,0.5,0.05,M3 perm test (chi2 stat),,,,,,,,0.5432240839945734,,0.618,0.02172905888436036
5,1000,0.5,0.1,M0 pct unstratified,0.824,0.017030795636141023,1.0,0.0,0.0774672931925964,0.0,0.0,0.5736305820028065,,,
5,1000,0.5,0.1,M5a BCa as-is (M0 reps),0.918,0.012269963325128561,1.0,0.0,0.07586334845368585,0.0,0.0,0.6217685000010533,,,
5,1000,0.5,0.1,M5b BCa drop-NaN (M0 reps),0.918,0.012269963325128561,1.0,0.0,0.07586334845368585,0.0,0.0,0.6225583340055891,0.0,,
5,1000,0.5,0.1,M1 pct stratified,0.828,0.0168769665520792,1.0,0.0,0.07748544999999998,0.0,0.0,0.339970501998323,,,
5,1000,0.5,0.1,M5c BCa (M1 reps),0.916,0.012405160216619531,1.0,0.0,0.07562372000997375,0.0,0.0,0.35528725200128974,,,
5,1000,0.5,0.1,M2a simult. Bonferroni-AC,0.998,0.001997998998998749,1.0,0.0,0.12406867860761207,0.0,0.0,0.0016010000035748817,,,
5,1000,0.5,0.1,M2b simult. boot max-|t|,0.986,0.0052543315464481325,1.0,0.0,0.12042907671666768,0.0,0.0,0.4153324180006166,,,
5,1000,0.5,0.1,M4 m-out-of-n (n^0.7),0.9,0.013416407864998736,1.0,0.0,0.0679220894126393,0.0,0.0,0.4756419159966754,,,
5,1000,0.5,0.1,M3 perm test (gap stat),,,,,,,,0.545636168004421,,1.0,0.0
5,1000,0.5,0.1,M3 perm test (chi2 stat),,,,,,,,0.545636168004421,,1.0,0.0
5,1000,0.5,0.2,M0 pct unstratified,0.776,0.018645321128905233,1.0,0.0,0.07481350001609507,0.0,0.0,0.5742253339994932,,,
5,1000,0.5,0.2,M5a BCa as-is (M0 reps),0.9,0.013416407864998736,1.0,0.0,0.07317591678642368,0.0,0.0,0.6217782500025351,,,
5,1000,0.5,0.2,M5b BCa drop-NaN (M0 reps),0.9,0.013416407864998736,1.0,0.0,0.07317591678642368,0.0,0.0,0.622523332000128,0.0,,
5,1000,0.5,0.2,M1 pct stratified,0.784,0.01840347793217358,1.0,0.0,0.07481914999999995,0.0,0.0,0.34886916599498363,,,
5,1000,0.5,0.2,M5c BCa (M1 reps),0.916,0.012405160216619531,1.0,0.0,0.07274531194393118,0.0,0.0,0.36259991599217756,,,
5,1000,0.5,0.2,M2a simult. Bonferroni-AC,0.994,0.0034536936748935927,1.0,0.0,0.12019308244846881,0.0,0.0,0.001679084001807496,,,
5,1000,0.5,0.2,M2b simult. boot max-|t|,0.994,0.0034536936748935927,1.0,0.0,0.11653886735391811,0.0,0.0,0.4299560839936021,,,
5,1000,0.5,0.2,M4 m-out-of-n (n^0.7),0.944,0.010282412168358165,1.0,0.0,0.07168851934883695,0.0,0.0,0.4799067499989178,,,
5,1000,0.5,0.2,M3 perm test (gap stat),,,,,,,,0.5295814999990398,,1.0,0.0
5,1000,0.5,0.2,M3 perm test (chi2 stat),,,,,,,,0.5295814999990398,,1.0,0.0
5,unequal,0.1,0.0,M0 pct unstratified,0.0,0.0,1.0,0.0,0.15288930360765485,0.0,0.038,0.903584581996256,,,
5,unequal,0.1,0.0,M5a BCa as-is (M0 reps),0.0,0.0,1.0,0.0,0.10400912384994751,0.0,0.036,0.9512177479991806,,,
5,unequal,0.1,0.0,M5b BCa drop-NaN (M0 reps),0.0,0.0,1.0,0.0,0.10400912384994751,0.0,0.036,0.9504444999984116,0.0,,
5,unequal,0.1,0.0,M1 pct stratified,0.0,0.0,1.0,0.0,0.15064783333333331,0.0,0.034,0.5181692499972996,,,
5,unequal,0.1,0.0,M5c BCa (M1 reps),0.0,0.0,1.0,0.0,0.10206920957504431,0.0,0.036,0.5306315820052987,,,
5,unequal,0.1,0.0,M2a simult. Bonferroni-AC,0.97,0.007628892449104264,0.03,0.00762889244910426,0.23627853341032357,0.0,0.0,0.0015335000061895698,,,
5,unequal,0.1,0.0,M2b simult. boot max-|t|,0.904,0.013174520864152895,0.096,0.013174520864152897,0.2117529527956955,0.0,0.0,0.5976234159970772,,,
5,unequal,0.1,0.0,M4 m-out-of-n (n^0.7),0.838,0.016477621187537962,0.158,0.01631171358257617,0.08238100162214063,0.0,0.046,0.45147833399823867,,,
5,unequal,0.1,0.0,M3 perm test (gap stat),,,,,,,,0.5316962500000955,,0.052,0.00992935043192655
5,unequal,0.1,0.0,M3 perm test (chi2 stat),,,,,,,,0.5316962500000955,,0.06,0.010620734437881401
5,unequal,0.1,0.02,M0 pct unstratified,0.086,0.012538261442480771,1.0,0.0,0.17272343356942219,0.0,0.03,0.9101961659980589,,,
5,unequal,0.1,0.02,M5a BCa as-is (M0 reps),0.602,0.02189045454073533,1.0,0.0,0.12880846231967333,0.0,0.03,0.958339333999902,,,
5,unequal,0.1,0.02,M5b BCa drop-NaN (M0 reps),0.602,0.02189045454073533,1.0,0.0,0.12880846231967333,0.0,0.03,0.9586495839976124,0.0,,
5,unequal,0.1,0.02,M1 pct stratified,0.184,0.017328819925199752,1.0,0.0,0.17033716666666662,0.0,0.024,0.5201502479976625,,,
5,unequal,0.1,0.02,M5c BCa (M1 reps),0.634,0.021542701780417423,1.0,0.0,0.12605568686905103,0.0,0.026,0.5341034159937408,,,
5,unequal,0.1,0.02,M2a simult. Bonferroni-AC,1.0,0.0,0.024,0.00684455988358638,0.25861818121720787,0.0,0.0,0.001516500000434462,,,
5,unequal,0.1,0.02,M2b simult. boot max-|t|,0.98,0.006260990336999414,0.056,0.010282412168358162,0.2341146377432043,0.0,0.0,0.6005391660000896,,,
5,unequal,0.1,0.02,M4 m-out-of-n (n^0.7),0.93,0.011410521460476728,0.094,0.013050976974924139,0.09727258215390319,0.0,0.048,0.455293832004827,,,
5,unequal,0.1,0.02,M3 perm test (gap stat),,,,,,,,0.529363249996095,,0.098,0.013296315279053818
5,unequal,0.1,0.02,M3 perm test (chi2 stat),,,,,,,,0.529363249996095,,0.062,0.010784804124322332
5,unequal,0.1,0.05,M0 pct unstratified,0.896,0.013651666564928987,1.0,0.0,0.2023458562905394,0.0,0.014,0.9155035840012715,,,
5,unequal,0.1,0.05,M5a BCa as-is (M0 reps),0.808,0.017614539448989292,1.0,0.0,0.16634153007952762,0.0,0.014,0.961979583997163,,,
5,unequal,0.1,0.05,M5b BCa drop-NaN (M0 reps),0.808,0.017614539448989292,1.0,0.0,0.16634153007952762,0.0,0.014,0.9620695839985274,0.0,,
5,unequal,0.1,0.05,M1 pct stratified,0.9,0.013416407864998736,1.0,0.0,0.19951309999999994,0.0,0.014,0.5357882500029518,,,
5,unequal,0.1,0.05,M5c BCa (M1 reps),0.816,0.017328819925199756,1.0,0.0,0.1625241781538232,0.0,0.014,0.5495707500012941,,,
5,unequal,0.1,0.05,M2a simult. Bonferroni-AC,0.998,0.001997998998998749,0.048,0.009559916317625379,0.2937164972678605,0.0,0.0,0.000644665997242555,,,
5,unequal,0.1,0.05,M2b simult. boot max-|t|,0.994,0.0034536936748935927,0.074,0.011706750189527408,0.2669969899827756,0.0,0.0,0.6162967499985825,,,
5,unequal,0.1,0.05,M4 m-out-of-n (n^0.7),0.81,0.01754422982065613,0.104,0.013651666564928987,0.12401918150674382,0.0,0.028,0.4633842499970342,,,
5,unequal,0.1,0.05,M3 perm test (gap stat),,,,,,,,0.5283165000000736,,0.208,0.018151363585141474
5,unequal,0.1,0.05,M3 perm test (chi2 stat),,,,,,,,0.5283165000000736,,0.138,0.01542439626046997
5,unequal,0.1,0.1,M0 pct unstratified,0.966,0.008104813384649892,1.0,0.0,0.2412377974923964,0.0,0.022,0.8981837499959511,,,
5,unequal,0.1,0.1,M5a BCa as-is (M0 reps),0.792,0.018151363585141474,1.0,0.0,0.21759625425031556,0.0,0.022,0.9455467499938095,,,
5,unequal,0.1,0.1,M5b BCa drop-NaN (M0 reps),0.792,0.018151363585141474,1.0,0.0,0.21759625425031556,0.0,0.022,0.946535083996423,0.0,,
5,unequal,0.1,0.1,M1 pct stratified,0.964,0.008331146379700699,1.0,0.0,0.23719786666666665,0.0,0.02,0.5336339179993956,,,
5,unequal,0.1,0.1,M5c BCa (M1 reps),0.8,0.017888543819998316,1.0,0.0,0.21228475945777417,0.0,0.02,0.549752583996451,,,
5,unequal,0.1,0.1,M2a simult. Bonferroni-AC,1.0,0.0,0.12,0.014532721699667961,0.3412484658826616,0.0,0.0,0.0005585820035776123,,,
5,unequal,0.1,0.1,M2b simult. boot max-|t|,1.0,0.0,0.14,0.01551773179301666,0.31424045835778636,0.0,0.0,0.6122952500008978,,,
5,unequal,0.1,0.1,M4 m-out-of-n (n^0.7),0.736,0.019713142824014644,0.218,0.018464885594013304,0.16913850720859944,0.0,0.034,0.46482375000050524,,,
5,unequal,0.1,0.1,M3 perm test (gap stat),,,,,,,,0.5192925840019598,,0.416,0.02204286732709699
5,unequal,0.1,0.1,M3 perm test (chi2 stat),,,,,,,,0.5192925840019598,,0.306,0.020608930103234373
5,unequal,0.1,0.2,M0 pct unstratified,0.94,0.010620734437881408,1.0,0.0,0.31007131838867324,0.0,0.0,0.9735066659995937,,,
5,unequal,0.1,0.2,M5a BCa as-is (M0 reps),0.93,0.011410521460476728,1.0,0.0,0.3053795588621546,0.0,0.0,1.0386967499944149,,,
5,unequal,0.1,0.2,M5b BCa drop-NaN (M0 reps),0.93,0.011410521460476728,1.0,0.0,0.3053795588621546,0.0,0.0,1.0476150820031762,0.0,,
5,unequal,0.1,0.2,M1 pct stratified,0.936,0.01094568408095172,1.0,0.0,0.30397844999999996,0.0,0.0,0.6611889159976272,,,
5,unequal,0.1,0.2,M5c BCa (M1 reps),0.922,0.01199299795714149,1.0,0.0,0.2976035970463165,0.0,0.0,0.6767344179970678,,,
5,unequal,0.1,0.2,M2a simult. Bonferroni-AC,1.0,0.0,0.418,0.02205792374635473,0.4305083476533598,0.0,0.0,0.0015134160057641566,,,
5,unequal,0.1,0.2,M2b simult. boot max-|t|,0.988,0.004869496893930627,0.436,0.02217674457624473,0.40715377379860695,0.0,0.0,0.7489185000013094,,,
5,unequal,0.1,0.2,M4 m-out-of-n (n^0.7),0.786,0.01834142851579451,0.64,0.02146625258399798,0.259363412880045,0.0,0.002,0.5064879999990808,,,
5,unequal,0.1,0.2,M3 perm test (gap stat),,,,,,,,0.5950847499989322,,0.828,0.0168769665520792
5,unequal,0.1,0.2,M3 perm test (chi2 stat),,,,,,,,0.5950847499989322,,0.714,0.020209106858047932
5,unequal,0.5,0.0,M0 pct unstratified,0.0,0.0,1.0,0.0,0.25967784828395685,0.0,0.04,0.8710697499991511,,,
5,unequal,0.5,0.0,M5a BCa as-is (M0 reps),0.0,0.0,1.0,0.0,0.1680429282441295,0.0,0.034,0.9177586660080124,,,
5,unequal,0.5,0.0,M5b BCa drop-NaN (M0 reps),0.0,0.0,1.0,0.0,0.1680429282441295,0.0,0.034,0.917782332013303,0.0,,
5,unequal,0.5,0.0,M1 pct stratified,0.0,0.0,1.0,0.0,0.25606961666666667,0.0,0.026,0.4556538359975093,,,
5,unequal,0.5,0.0,M5c BCa (M1 reps),0.0,0.0,1.0,0.0,0.16708318791526267,0.0,0.03,0.4710282520027249,,,
5,unequal,0.5,0.0,M2a simult. Bonferroni-AC,0.964,0.008331146379700699,0.036,0.008331146379700696,0.3653813231749377,0.0,0.0,0.001530834000732284,,,
5,unequal,0.5,0.0,M2b simult. boot max-|t|,0.944,0.010282412168358165,0.056,0.010282412168358162,0.3593488862219821,0.0,0.0,0.5471602499965229,,,
5,unequal,0.5,0.0,M4 m-out-of-n (n^0.7),0.902,0.013296315279053816,0.09,0.012798437404620925,0.13049171528854478,0.0,0.194,0.46818850000272505,,,
5,unequal,0.5,0.0,M3 perm test (gap stat),,,,,,,,0.5312774179983535,,0.048,0.009559916317625379
5,unequal,0.5,0.0,M3 perm test (chi2 stat),,,,,,,,0.5312774179983535,,0.05,0.009746794344808964
5,unequal,0.5,0.02,M0 pct unstratified,0.0,0.0,1.0,0.0,0.2635214805165237,0.0,0.038,0.8210853319978924,,,
5,unequal,0.5,0.02,M5a BCa as-is (M0 reps),0.418,0.02205792374635473,1.0,0.0,0.1766336428599952,0.0,0.038,0.8690786679944722,,,
5,unequal,0.5,0.02,M5b BCa drop-NaN (M0 reps),0.418,0.02205792374635473,1.0,0.0,0.1766336428599952,0.0,0.038,0.8888941659970442,0.0,,
5,unequal,0.5,0.02,M1 pct stratified,0.0,0.0,1.0,0.0,0.25950159999999994,0.0,0.032,0.459458999990602,,,
5,unequal,0.5,0.02,M5c BCa (M1 reps),0.426,0.02211442967837968,1.0,0.0,0.17502382070242742,0.0,0.038,0.47258316799707245,,,
5,unequal,0.5,0.02,M2a simult. Bonferroni-AC,0.984,0.00561141693336006,0.036,0.008331146379700696,0.3704228774275736,0.0,0.0,0.001519249999546446,,,
5,unequal,0.5,0.02,M2b simult. boot max-|t|,0.976,0.006844559883586383,0.062,0.010784804124322332,0.3650970717660246,0.0,0.0,0.5404706659901422,,,
5,unequal,0.5,0.02,M4 m-out-of-n (n^0.7),0.884,0.014320893826853127,0.128,0.014940950438308804,0.13823368997182894,0.0,0.178,0.47228591800376307,,,
5,unequal,0.5,0.02,M3 perm test (gap stat),,,,,,,,0.5199644179956522,,0.058,0.010453324829928513
5,unequal,0.5,0.02,M3 perm test (chi2 stat),,,,,,,,0.5199644179956522,,0.044,0.009172131704244111
5,unequal,0.5,0.05,M0 pct unstratified,0.61,0.02181284025522582,1.0,0.0,0.26803877225910594,0.0,0.046,0.805059831996914,,,
5,unequal,0.5,0.05,M5a BCa as-is (M0 reps),0.786,0.01834142851579451,1.0,0.0,0.18746609436805578,0.0,0.048,0.8524154179976904,,,
5,unequal,0.5,0.05,M5b BCa drop-NaN (M0 reps),0.786,0.01834142851579451,1.0,0.0,0.18746609436805578,0.0,0.048,0.8533489179899334,0.0,,
5,unequal,0.5,0.05,M1 pct stratified,0.622,0.02168483340955148,1.0,0.0,0.2642104,0.0,0.042,0.5211364979986683,,,
5,unequal,0.5,0.05,M5c BCa (M1 reps),0.79,0.01821537811850196,1.0,0.0,0.18518966905075587,0.0,0.042,0.5210403319942998,,,
5,unequal,0.5,0.05,M2a simult. Bonferroni-AC,0.99,0.0044497190922574,0.048,0.009559916317625379,0.37652165852878167,0.0,0.0,0.0006151660054456443,,,
5,unequal,0.5,0.05,M2b simult. boot max-|t|,0.982,0.005945754788082,0.088,0.012669333052690659,0.3707359583292922,0.0,0.0,0.5828229999970063,,,
5,unequal,0.5,0.05,M4 m-out-of-n (n^0.7),0.812,0.017473179447370188,0.144,0.01570121014444428,0.14680864114833375,0.0,0.148,0.4717730819975259,,,
5,unequal,0.5,0.05,M3 perm test (gap stat),,,,,,,,0.51677799999743,,0.082,0.012269963325128565
5,unequal,0.5,0.05,M3 perm test (chi2 stat),,,,,,,,0.51677799999743,,0.068,0.011258419071965654
5,unequal,0.5,0.1,M0 pct unstratified,0.914,0.01253826144248077,1.0,0.0,0.27940485278777005,0.0,0.026,0.8077147500007413,,,
5,unequal,0.5,0.1,M5a BCa as-is (M0 reps),0.802,0.017821111076473318,1.0,0.0,0.21604691692773498,0.0,0.026,0.8533834160043625,,,
5,unequal,0.5,0.1,M5b BCa drop-NaN (M0 reps),0.802,0.017821111076473318,1.0,0.0,0.21604691692773498,0.0,0.026,0.8545311659981962,0.0,,
5,unequal,0.5,0.1,M1 pct stratified,0.914,0.01253826144248077,1.0,0.0,0.27603573333333326,0.0,0.026,0.4498115819951636,,,
5,unequal,0.5,0.1,M5c BCa (M1 reps),0.802,0.017821111076473318,1.0,0.0,0.21372485785485384,0.0,0.026,0.46503491799376206,,,
5,unequal,0.5,0.1,M2a simult. Bonferroni-AC,0.99,0.0044497190922574,0.104,0.013651666564928987,0.3938632227459769,0.0,0.0,0.001502665996667929,,,
5,unequal,0.5,0.1,M2b simult. boot max-|t|,0.978,0.006559878047646925,0.142,0.015609996796924718,0.3882208449612566,0.0,0.0,0.5411265840011765,,,
5,unequal,0.5,0.1,M4 m-out-of-n (n^0.7),0.692,0.020646355610615643,0.272,0.019900552756142227,0.17425206815008557,0.0,0.126,0.4743573340019793,,,
5,unequal,0.5,0.1,M3 perm test (gap stat),,,,,,,,0.519937081997341,,0.17,0.016798809481626965
5,unequal,0.5,0.1,M3 perm test (chi2 stat),,,,,,,,0.519937081997341,,0.1,0.01341640786499874
5,unequal,0.5,0.2,M0 pct unstratified,0.92,0.012132600710482479,1.0,0.0,0.30724197969546985,0.0,0.008,0.8008533340034774,,,
5,unequal,0.5,0.2,M5a BCa as-is (M0 reps),0.888,0.014103616557464968,1.0,0.0,0.28887620907732253,0.0,0.008,0.8497679179999977,,,
5,unequal,0.5,0.2,M5b BCa drop-NaN (M0 reps),0.888,0.014103616557464968,1.0,0.0,0.28887620907732253,0.0,0.008,0.8479894179981784,0.0,,
5,unequal,0.5,0.2,M1 pct stratified,0.918,0.012269963325128561,1.0,0.0,0.30211936666666667,0.0,0.006,0.43331341800512746,,,
5,unequal,0.5,0.2,M5c BCa (M1 reps),0.888,0.014103616557464968,1.0,0.0,0.2846874673863059,0.0,0.008,0.44833033599570626,,,
5,unequal,0.5,0.2,M2a simult. Bonferroni-AC,0.988,0.004869496893930627,0.404,0.021944657664224338,0.4390343418001658,0.0,0.0,0.0014719159953529015,,,
5,unequal,0.5,0.2,M2b simult. boot max-|t|,0.968,0.007870959280799264,0.494,0.02235906974809104,0.42621970252973634,0.0,0.0,0.5145174999997835,,,
5,unequal,0.5,0.2,M4 m-out-of-n (n^0.7),0.734,0.019760769215797242,0.69,0.02068332661831747,0.24407786684504088,0.0,0.026,0.46441124999546446,,,
5,unequal,0.5,0.2,M3 perm test (gap stat),,,,,,,,0.5198451659962302,,0.554,0.022229889788300795
5,unequal,0.5,0.2,M3 perm test (chi2 stat),,,,,,,,0.5198451659962302,,0.376,0.021662132858977667
