T,D,rho,delta,metric,method,coverage,coverage_mcse,width,excl_point,excl0,ms_per_dataset
5,1,0.0,0.0,divergence,C0 current,0.848,0.01605590234150669,0.02738672511017758,0.0,1.0,0.30657924999832176
5,1,0.0,0.0,contrast,C0 current,0.844,0.01622738426241272,0.03923601446659784,0.0,0.156,0.30657924999832176
5,1,0.0,0.0,divergence,C1 cluster pct,0.848,0.01605590234150669,0.030343338456004856,0.0,1.0,0.2527950840012636
5,1,0.0,0.0,contrast,C1 cluster pct,0.836,0.0165592270351004,0.04260702334940433,0.0,0.164,0.2527950840012636
5,1,0.0,0.0,divergence,C2a simult. cluster max-|t|,0.842,0.016311713582576173,0.030221228172612725,0.0,1.0,0.2574257519954699
5,1,0.0,0.0,contrast,C2a simult. cluster max-|t|,0.83,0.016798809481626965,0.04232090404742534,0.0,0.17,0.2574257519954699
5,1,0.0,0.0,divergence,C2b simult. Bonferroni-t,0.948,0.009929350431926557,0.04910892248600557,0.0,1.0,0.0021155819995328784
5,1,0.0,0.0,contrast,C2b simult. Bonferroni-t,0.946,0.010107818755794947,0.0688006253859791,0.0,0.054,0.0021155819995328784
5,1,0.0,0.0,divergence,C2c m-out-of-n cluster,0.83,0.016798809481626965,0.030191311817222455,0.0,1.0,0.23479258400038816
5,1,0.0,0.0,contrast,C2c m-out-of-n cluster,0.832,0.01671980861134481,0.04218366405630384,0.0,0.168,0.23479258400038816
5,1,0.0,0.01,divergence,C0 current,0.85,0.015968719422671314,0.027822033786890285,0.0,1.0,0.2874805000028573
5,1,0.0,0.01,contrast,C0 current,0.856,0.015701210144444283,0.03989412420572836,0.0,0.25,0.2874805000028573
5,1,0.0,0.01,divergence,C1 cluster pct,0.844,0.01622738426241272,0.03033558568432927,0.0,1.0,0.254816082000616
5,1,0.0,0.01,contrast,C1 cluster pct,0.836,0.0165592270351004,0.04262353392764926,0.0,0.248,0.254816082000616
5,1,0.0,0.01,divergence,C2a simult. cluster max-|t|,0.848,0.01605590234150669,0.03015840678221477,0.0,1.0,0.2625373339978978
5,1,0.0,0.01,contrast,C2a simult. cluster max-|t|,0.842,0.016311713582576173,0.04233691613423737,0.0,0.252,0.2625373339978978
5,1,0.0,0.01,divergence,C2b simult. Bonferroni-t,0.96,0.008763560920082661,0.04891954160377728,0.0,1.0,0.0003899180010193959
5,1,0.0,0.01,contrast,C2b simult. Bonferroni-t,0.944,0.010282412168358165,0.06876760963396862,0.0,0.09,0.0003899180010193959
5,1,0.0,0.01,divergence,C2c m-out-of-n cluster,0.858,0.01560999679692472,0.030138671543383698,0.0,1.0,0.23049774999526562
5,1,0.0,0.01,contrast,C2c m-out-of-n cluster,0.84,0.01639512122553536,0.04252796227778669,0.0,0.264,0.23049774999526562
5,1,0.0,0.03,divergence,C0 current,0.846,0.016142118820031033,0.028112304299463892,0.0,1.0,0.2904477499978384
5,1,0.0,0.03,contrast,C0 current,0.856,0.015701210144444283,0.040040390388096765,0.0,0.766,0.2904477499978384
5,1,0.0,0.03,divergence,C1 cluster pct,0.856,0.015701210144444283,0.030325205117464067,0.0,1.0,0.24557091599854175
5,1,0.0,0.03,contrast,C1 cluster pct,0.818,0.017255491879398864,0.04284282186180353,0.0,0.692,0.24557091599854175
5,1,0.0,0.03,divergence,C2a simult. cluster max-|t|,0.848,0.01605590234150669,0.03016441537021264,0.0,1.0,0.2513901639977121
5,1,0.0,0.03,contrast,C2a simult. cluster max-|t|,0.81,0.01754422982065613,0.042576233377373825,0.0,0.694,0.2513901639977121
5,1,0.0,0.03,divergence,C2b simult. Bonferroni-t,0.938,0.010784804124322337,0.04890920236626937,0.0,1.0,0.0003585820013540797
5,1,0.0,0.03,contrast,C2b simult. Bonferroni-t,0.94,0.010620734437881408,0.0693160838728629,0.0,0.4,0.0003585820013540797
5,1,0.0,0.03,divergence,C2c m-out-of-n cluster,0.832,0.01671980861134481,0.03022507860600512,0.0,1.0,0.2203676680001081
5,1,0.0,0.03,contrast,C2c m-out-of-n cluster,0.812,0.017473179447370188,0.04284168857646846,0.0,0.698,0.2203676680001081
5,1,0.3,0.0,divergence,C0 current,0.822,0.01710648999648964,0.027605003647197597,0.0,1.0,0.28752150000218535
5,1,0.3,0.0,contrast,C0 current,0.914,0.01253826144248077,0.03928935053127245,0.0,0.086,0.28752150000218535
5,1,0.3,0.0,divergence,C1 cluster pct,0.864,0.01532997064576446,0.035790316607058045,0.0,1.0,0.24891075000050478
5,1,0.3,0.0,contrast,C1 cluster pct,0.838,0.016477621187537962,0.035746916077286,0.0,0.162,0.24891075000050478
5,1,0.3,0.0,divergence,C2a simult. cluster max-|t|,0.858,0.01560999679692472,0.03559148648705515,0.0,1.0,0.25430325000343146
5,1,0.3,0.0,contrast,C2a simult. cluster max-|t|,0.838,0.016477621187537962,0.035568006478629725,0.0,0.162,0.25430325000343146
5,1,0.3,0.0,divergence,C2b simult. Bonferroni-t,0.96,0.008763560920082661,0.05774228758004963,0.0,1.0,0.00036658400495070964
5,1,0.3,0.0,contrast,C2b simult. Bonferroni-t,0.948,0.009929350431926557,0.05784008857502759,0.0,0.052,0.00036658400495070964
5,1,0.3,0.0,divergence,C2c m-out-of-n cluster,0.848,0.01605590234150669,0.03573277364297223,0.0,1.0,0.22114450000663055
5,1,0.3,0.0,contrast,C2c m-out-of-n cluster,0.808,0.017614539448989292,0.035594553100014976,0.0,0.192,0.22114450000663055
5,1,0.3,0.01,divergence,C0 current,0.792,0.018151363585141474,0.027344688460518265,0.0,1.0,0.294162916005007
5,1,0.3,0.01,contrast,C0 current,0.902,0.013296315279053816,0.03920169014903435,0.0,0.228,0.294162916005007
5,1,0.3,0.01,divergence,C1 cluster pct,0.848,0.01605590234150669,0.03504507942646742,0.0,1.0,0.2515891660004854
5,1,0.3,0.01,contrast,C1 cluster pct,0.832,0.01671980861134481,0.03620903267264366,0.0,0.274,0.2515891660004854
5,1,0.3,0.01,divergence,C2a simult. cluster max-|t|,0.846,0.016142118820031033,0.03486356274082246,0.0,1.0,0.25677749999886146
5,1,0.3,0.01,contrast,C2a simult. cluster max-|t|,0.834,0.016639951923007473,0.0360678494475699,0.0,0.28,0.25677749999886146
5,1,0.3,0.01,divergence,C2b simult. Bonferroni-t,0.958,0.00897061870775924,0.056522409687736926,0.0,1.0,0.0003578340038075112
5,1,0.3,0.01,contrast,C2b simult. Bonferroni-t,0.934,0.01110351295761841,0.058525658078645154,0.0,0.112,0.0003578340038075112
5,1,0.3,0.01,divergence,C2c m-out-of-n cluster,0.83,0.016798809481626965,0.034753433825740004,0.0,1.0,0.2248009999966598
5,1,0.3,0.01,contrast,C2c m-out-of-n cluster,0.828,0.0168769665520792,0.035965582182239754,0.0,0.298,0.2248009999966598
5,1,0.3,0.03,divergence,C0 current,0.77,0.018820201911775546,0.027237521070999558,0.0,1.0,0.3029489999971702
5,1,0.3,0.03,contrast,C0 current,0.902,0.013296315279053816,0.039111786112363614,0.0,0.81,0.3029489999971702
5,1,0.3,0.03,divergence,C1 cluster pct,0.836,0.0165592270351004,0.03475423690602183,0.0,1.0,0.24615408400131855
5,1,0.3,0.03,contrast,C1 cluster pct,0.82,0.017181385275931625,0.03571285239383578,0.0,0.816,0.24615408400131855
5,1,0.3,0.03,divergence,C2a simult. cluster max-|t|,0.83,0.016798809481626965,0.03460298305311621,0.0,1.0,0.2520197499979986
5,1,0.3,0.03,contrast,C2a simult. cluster max-|t|,0.818,0.017255491879398864,0.03540836241585745,0.0,0.828,0.2520197499979986
5,1,0.3,0.03,divergence,C2b simult. Bonferroni-t,0.952,0.009559916317625384,0.05597990551697836,0.0,1.0,0.0003357499954290688
5,1,0.3,0.03,contrast,C2b simult. Bonferroni-t,0.95,0.00974679434480897,0.05755922477383875,0.0,0.568,0.0003357499954290688
5,1,0.3,0.03,divergence,C2c m-out-of-n cluster,0.832,0.01671980861134481,0.03442898275049284,0.0,1.0,0.22204649999912363
5,1,0.3,0.03,contrast,C2c m-out-of-n cluster,0.818,0.017255491879398864,0.03548307189106803,0.0,0.816,0.22204649999912363
5,1,0.7,0.0,divergence,C0 current,0.682,0.020826713614970557,0.02671512425728965,0.0,1.0,0.2909097500014468
5,1,0.7,0.0,contrast,C0 current,0.98,0.006260990336999414,0.038348762789010574,0.0,0.02,0.2909097500014468
5,1,0.7,0.0,divergence,C1 cluster pct,0.842,0.016311713582576173,0.04066203695014119,0.0,1.0,0.24644124999758787
5,1,0.7,0.0,contrast,C1 cluster pct,0.842,0.016311713582576173,0.023041587828844783,0.0,0.158,0.24644124999758787
5,1,0.7,0.0,divergence,C2a simult. cluster max-|t|,0.85,0.015968719422671314,0.040471621871533914,0.0,1.0,0.25088941599824466
5,1,0.7,0.0,contrast,C2a simult. cluster max-|t|,0.846,0.016142118820031033,0.022957445720390383,0.0,0.154,0.25088941599824466
5,1,0.7,0.0,divergence,C2b simult. Bonferroni-t,0.93,0.011410521460476728,0.06569684089473299,0.0,1.0,0.0003415000028326176
5,1,0.7,0.0,contrast,C2b simult. Bonferroni-t,0.946,0.010107818755794947,0.03707908115899694,0.0,0.054,0.0003415000028326176
5,1,0.7,0.0,divergence,C2c m-out-of-n cluster,0.842,0.016311713582576173,0.04057071957678542,0.0,1.0,0.22253391800040845
5,1,0.7,0.0,contrast,C2c m-out-of-n cluster,0.838,0.016477621187537962,0.022958682238608936,0.0,0.162,0.22253391800040845
5,1,0.7,0.01,divergence,C0 current,0.69,0.02068332661831747,0.0264807560426512,0.0,1.0,0.3002030839998042
5,1,0.7,0.01,contrast,C0 current,0.972,0.0073778045514909145,0.03745783562938375,0.0,0.164,0.3002030839998042
5,1,0.7,0.01,divergence,C1 cluster pct,0.85,0.015968719422671314,0.04019489041790367,0.0,1.0,0.24697966600069776
5,1,0.7,0.01,contrast,C1 cluster pct,0.838,0.016477621187537962,0.023858617944270372,0.0,0.41,0.24697966600069776
5,1,0.7,0.01,divergence,C2a simult. cluster max-|t|,0.844,0.01622738426241272,0.039915980329866756,0.0,1.0,0.2519035840014112
5,1,0.7,0.01,contrast,C2a simult. cluster max-|t|,0.828,0.0168769665520792,0.02376635338262527,0.0,0.4,0.2519035840014112
5,1,0.7,0.01,divergence,C2b simult. Bonferroni-t,0.946,0.010107818755794947,0.0648208325927261,0.0,1.0,0.00036766599805559963
5,1,0.7,0.01,contrast,C2b simult. Bonferroni-t,0.958,0.00897061870775924,0.03849585923819671,0.0,0.19,0.00036766599805559963
5,1,0.7,0.01,divergence,C2c m-out-of-n cluster,0.82,0.017181385275931625,0.03993606910934337,0.0,1.0,0.2239664999942761
5,1,0.7,0.01,contrast,C2c m-out-of-n cluster,0.814,0.017401379255679708,0.023675616453052203,0.0,0.412,0.2239664999942761
5,1,0.7,0.03,divergence,C0 current,0.706,0.020374690181693564,0.026231030257136703,0.0,1.0,0.2961328320016037
5,1,0.7,0.03,contrast,C0 current,0.976,0.006844559883586383,0.03721883635661511,0.0,0.894,0.2961328320016037
5,1,0.7,0.03,divergence,C1 cluster pct,0.842,0.016311713582576173,0.03984562372118235,0.0,1.0,0.24713191800401546
5,1,0.7,0.03,contrast,C1 cluster pct,0.82,0.017181385275931625,0.023938287979364394,0.0,0.98,0.24713191800401546
5,1,0.7,0.03,divergence,C2a simult. cluster max-|t|,0.838,0.016477621187537962,0.0395763427095669,0.0,1.0,0.2553771660022903
5,1,0.7,0.03,contrast,C2a simult. cluster max-|t|,0.824,0.017030795636141023,0.023860882317925547,0.0,0.98,0.2553771660022903
5,1,0.7,0.03,divergence,C2b simult. Bonferroni-t,0.95,0.00974679434480897,0.06422424317010514,0.0,1.0,0.0003559159958967939
5,1,0.7,0.03,contrast,C2b simult. Bonferroni-t,0.952,0.009559916317625384,0.03879906819706066,0.0,0.832,0.0003559159958967939
5,1,0.7,0.03,divergence,C2c m-out-of-n cluster,0.826,0.016954291492126707,0.039548449196239455,0.0,1.0,0.24864808400161564
5,1,0.7,0.03,contrast,C2c m-out-of-n cluster,0.838,0.016477621187537962,0.023947978534003933,0.0,0.976,0.24864808400161564
5,2,0.0,0.0,divergence,C0 current,0.87,0.015039946808416579,0.0206375017955464,0.096,1.0,0.6486340839983313
5,2,0.0,0.0,contrast,C0 current,0.88,0.014532721699667961,0.03535472346894857,0.008,0.12,0.6486340839983313
5,2,0.0,0.0,divergence,C1 cluster pct,0.756,0.019207498535728174,0.027545842190086836,0.0,1.0,0.2824594179983251
5,2,0.0,0.0,contrast,C1 cluster pct,0.814,0.017401379255679708,0.04187783505767584,0.0,0.186,0.2824594179983251
5,2,0.0,0.0,divergence,C2a simult. cluster max-|t|,0.894,0.013766916866168691,0.03446358701770494,0.0,1.0,0.3987351679970743
5,2,0.0,0.0,contrast,C2a simult. cluster max-|t|,0.882,0.014427473791346842,0.04865460851199966,0.0,0.118,0.3987351679970743
5,2,0.0,0.0,divergence,C2b simult. Bonferroni-t,0.97,0.007628892449104264,0.06307380562562129,0.0,1.0,0.0014189180001267232
5,2,0.0,0.0,contrast,C2b simult. Bonferroni-t,0.984,0.00561141693336006,0.08951458979660366,0.0,0.016,0.0014189180001267232
5,2,0.0,0.0,divergence,C2c m-out-of-n cluster,0.834,0.016639951923007473,0.026944871180057024,0.0,1.0,0.2602323340033763
5,2,0.0,0.0,contrast,C2c m-out-of-n cluster,0.852,0.015880554146502572,0.04136215472407389,0.0,0.148,0.2602323340033763
5,2,0.0,0.01,divergence,C0 current,0.758,0.019153902996517445,0.02106535054415952,0.216,1.0,0.5957130840033642
5,2,0.0,0.01,contrast,C0 current,0.804,0.01775297158224504,0.03497546258390284,0.03,0.192,0.5957130840033642
5,2,0.0,0.01,divergence,C1 cluster pct,0.854,0.015791390059142988,0.028222787653654813,0.0,1.0,0.44925074999628123
5,2,0.0,0.01,contrast,C1 cluster pct,0.826,0.016954291492126707,0.04097772885859013,0.0,0.298,0.44925074999628123
5,2,0.0,0.01,divergence,C2a simult. cluster max-|t|,0.908,0.012925633446759966,0.03514468449297139,0.0,1.0,0.5814829980008653
5,2,0.0,0.01,contrast,C2a simult. cluster max-|t|,0.876,0.014739335127474372,0.04750924548691918,0.0,0.23,0.5814829980008653
5,2,0.0,0.01,divergence,C2b simult. Bonferroni-t,0.984,0.00561141693336006,0.06385952966156873,0.0,1.0,0.0015122500044526532
5,2,0.0,0.01,contrast,C2b simult. Bonferroni-t,0.99,0.0044497190922574,0.08764997955848787,0.0,0.05,0.0015122500044526532
5,2,0.0,0.01,divergence,C2c m-out-of-n cluster,0.784,0.01840347793217358,0.027613388306809723,0.002,1.0,0.352712750005594
5,2,0.0,0.01,contrast,C2c m-out-of-n cluster,0.82,0.017181385275931625,0.04058007138492647,0.0,0.25,0.352712750005594
5,2,0.0,0.03,divergence,C0 current,0.324,0.020929596269398033,0.023276619454569207,0.762,1.0,0.4707322500034934
5,2,0.0,0.03,contrast,C0 current,0.572,0.022127629787213995,0.03657630669184068,0.336,0.366,0.4707322500034934
5,2,0.0,0.03,divergence,C1 cluster pct,0.828,0.0168769665520792,0.028810317096859214,0.0,1.0,0.30022933399595786
5,2,0.0,0.03,contrast,C1 cluster pct,0.828,0.0168769665520792,0.041254145638644685,0.0,0.74,0.30022933399595786
5,2,0.0,0.03,divergence,C2a simult. cluster max-|t|,0.862,0.01542439626046997,0.03315535584692326,0.0,1.0,0.401436667998496
5,2,0.0,0.03,contrast,C2a simult. cluster max-|t|,0.862,0.01542439626046997,0.04623673096232442,0.0,0.694,0.401436667998496
5,2,0.0,0.03,divergence,C2b simult. Bonferroni-t,0.976,0.006844559883586383,0.06055441050417082,0.0,1.0,0.0018658339977264404
5,2,0.0,0.03,contrast,C2b simult. Bonferroni-t,0.972,0.0073778045514909145,0.08535843017929794,0.0,0.264,0.0018658339977264404
5,2,0.0,0.03,divergence,C2c m-out-of-n cluster,0.784,0.01840347793217358,0.028257823883706984,0.0,1.0,0.26502883400098654
5,2,0.0,0.03,contrast,C2c m-out-of-n cluster,0.802,0.017821111076473318,0.04076123629185586,0.0,0.726,0.26502883400098654
5,2,0.3,0.0,divergence,C0 current,0.748,0.019416281827373642,0.020175842013798267,0.058,1.0,0.47043066599871963
5,2,0.3,0.0,contrast,C0 current,0.898,0.013534843922262271,0.0346460293093064,0.002,0.102,0.47043066599871963
5,2,0.3,0.0,divergence,C1 cluster pct,0.792,0.018151363585141474,0.03393947271779179,0.0,1.0,0.3008434160001343
5,2,0.3,0.0,contrast,C1 cluster pct,0.81,0.01754422982065613,0.03487049729824066,0.0,0.19,0.3008434160001343
5,2,0.3,0.0,divergence,C2a simult. cluster max-|t|,0.89,0.013992855319769442,0.03941297922875901,0.0,1.0,0.39734208399022464
5,2,0.3,0.0,contrast,C2a simult. cluster max-|t|,0.892,0.013880633991284403,0.040434118427543166,0.0,0.108,0.39734208399022464
5,2,0.3,0.0,divergence,C2b simult. Bonferroni-t,0.972,0.0073778045514909145,0.0719346779078657,0.0,1.0,0.0009986660006688908
5,2,0.3,0.0,contrast,C2b simult. Bonferroni-t,0.968,0.007870959280799264,0.07431499297061112,0.0,0.032,0.0009986660006688908
5,2,0.3,0.0,divergence,C2c m-out-of-n cluster,0.86,0.01551773179301666,0.033361036862429964,0.0,1.0,0.3292014160033432
5,2,0.3,0.0,contrast,C2c m-out-of-n cluster,0.852,0.015880554146502572,0.03467613730991897,0.0,0.148,0.3292014160033432
5,2,0.3,0.01,divergence,C0 current,0.65,0.02133072900770154,0.020351730266024035,0.19,1.0,0.44107816600444494
5,2,0.3,0.01,contrast,C0 current,0.848,0.01605590234150669,0.03456814305549476,0.016,0.128,0.44107816600444494
5,2,0.3,0.01,divergence,C1 cluster pct,0.846,0.016142118820031033,0.03388707260042429,0.0,1.0,0.2754098340010387
5,2,0.3,0.01,contrast,C1 cluster pct,0.858,0.01560999679692472,0.035698156785219905,0.0,0.332,0.2754098340010387
5,2,0.3,0.01,divergence,C2a simult. cluster max-|t|,0.906,0.013050976974924135,0.03896995931295784,0.0,1.0,0.3713941660025739
5,2,0.3,0.01,contrast,C2a simult. cluster max-|t|,0.89,0.013992855319769442,0.0409298285299565,0.0,0.252,0.3713941660025739
5,2,0.3,0.01,divergence,C2b simult. Bonferroni-t,0.986,0.0052543315464481325,0.07170218998326139,0.0,1.0,0.0013145839984645136
5,2,0.3,0.01,contrast,C2b simult. Bonferroni-t,0.988,0.004869496893930627,0.07520378659637493,0.0,0.064,0.0013145839984645136
5,2,0.3,0.01,divergence,C2c m-out-of-n cluster,0.832,0.01671980861134481,0.033377205260886326,0.0,1.0,0.2520825839965255
5,2,0.3,0.01,contrast,C2c m-out-of-n cluster,0.834,0.016639951923007473,0.0353274189575494,0.0,0.278,0.2520825839965255
5,2,0.3,0.03,divergence,C0 current,0.368,0.021567382780485908,0.02288799432345073,0.786,1.0,0.4334607499986305
5,2,0.3,0.03,contrast,C0 current,0.614,0.0217717247823869,0.03619855019558507,0.312,0.374,0.4334607499986305
5,2,0.3,0.03,divergence,C1 cluster pct,0.85,0.015968719422671314,0.034692602849006646,0.0,1.0,0.2758070000054431
5,2,0.3,0.03,contrast,C1 cluster pct,0.846,0.016142118820031033,0.035791597584635015,0.0,0.832,0.2758070000054431
5,2,0.3,0.03,divergence,C2a simult. cluster max-|t|,0.88,0.014532721699667961,0.038730252086450125,0.0,1.0,0.3652633340025204
5,2,0.3,0.03,contrast,C2a simult. cluster max-|t|,0.88,0.014532721699667961,0.040065733065632825,0.0,0.78,0.3652633340025204
5,2,0.3,0.03,divergence,C2b simult. Bonferroni-t,0.98,0.006260990336999414,0.07146752897453541,0.0,1.0,0.0010046660027001053
5,2,0.3,0.03,contrast,C2b simult. Bonferroni-t,0.976,0.006844559883586383,0.07358740425670311,0.0,0.34,0.0010046660027001053
5,2,0.3,0.03,divergence,C2c m-out-of-n cluster,0.828,0.0168769665520792,0.03440382011674416,0.0,1.0,0.24826108400156954
5,2,0.3,0.03,contrast,C2c m-out-of-n cluster,0.816,0.017328819925199756,0.03527377877167386,0.0,0.81,0.24826108400156954
5,2,0.7,0.0,divergence,C0 current,0.56,0.02219909908081857,0.01887481641519755,0.026,1.0,0.4250500840062159
5,2,0.7,0.0,contrast,C0 current,0.976,0.006844559883586383,0.03254209063673045,0.0,0.024,0.4250500840062159
5,2,0.7,0.0,divergence,C1 cluster pct,0.818,0.017255491879398864,0.038722815086692564,0.0,1.0,0.2604890000002342
5,2,0.7,0.0,contrast,C1 cluster pct,0.798,0.01795527777562909,0.022238404773175718,0.0,0.202,0.2604890000002342
5,2,0.7,0.0,divergence,C2a simult. cluster max-|t|,0.856,0.015701210144444283,0.04221239373302521,0.0,1.0,0.3603267500002403
5,2,0.7,0.0,contrast,C2a simult. cluster max-|t|,0.888,0.014103616557464968,0.02604665485994513,0.0,0.112,0.3603267500002403
5,2,0.7,0.0,divergence,C2b simult. Bonferroni-t,0.976,0.006844559883586383,0.08022855664096555,0.0,1.0,0.000896167999599129
5,2,0.7,0.0,contrast,C2b simult. Bonferroni-t,0.966,0.008104813384649892,0.04798562505271087,0.0,0.034,0.000896167999599129
5,2,0.7,0.0,divergence,C2c m-out-of-n cluster,0.83,0.016798809481626965,0.038456332557866874,0.0,1.0,0.24082041600195225
5,2,0.7,0.0,contrast,C2c m-out-of-n cluster,0.83,0.016798809481626965,0.022030832288883154,0.0,0.17,0.24082041600195225
5,2,0.7,0.01,divergence,C0 current,0.546,0.02226584828835407,0.019239200301322663,0.132,1.0,0.40836133399716346
5,2,0.7,0.01,contrast,C0 current,0.926,0.011706750189527404,0.03244496549562309,0.006,0.078,0.40836133399716346
5,2,0.7,0.01,divergence,C1 cluster pct,0.842,0.016311713582576173,0.039065487823635336,0.0,1.0,0.26599225000245497
5,2,0.7,0.01,contrast,C1 cluster pct,0.836,0.0165592270351004,0.02247026437819004,0.0,0.498,0.26599225000245497
5,2,0.7,0.01,divergence,C2a simult. cluster max-|t|,0.878,0.014636666287102402,0.04240964311028933,0.0,1.0,0.3544593319966225
5,2,0.7,0.01,contrast,C2a simult. cluster max-|t|,0.876,0.014739335127474372,0.0256757283084723,0.0,0.398,0.3544593319966225
5,2,0.7,0.01,divergence,C2b simult. Bonferroni-t,0.982,0.005945754788082,0.08045996519160763,0.0,1.0,0.0008484999998472631
5,2,0.7,0.01,contrast,C2b simult. Bonferroni-t,0.976,0.006844559883586383,0.0475638171275567,0.0,0.144,0.0008484999998472631
5,2,0.7,0.01,divergence,C2c m-out-of-n cluster,0.83,0.016798809481626965,0.03863477811901669,0.0,1.0,0.23794700000144076
5,2,0.7,0.01,contrast,C2c m-out-of-n cluster,0.776,0.018645321128905233,0.022212684620152367,0.0,0.434,0.23794700000144076
5,2,0.7,0.03,divergence,C0 current,0.364,0.02151762068631195,0.022290226681866924,0.844,1.0,0.40594558200245956
5,2,0.7,0.03,contrast,C0 current,0.64,0.02146625258399798,0.03537248242171856,0.332,0.346,0.40594558200245956
5,2,0.7,0.03,divergence,C1 cluster pct,0.848,0.01605590234150669,0.04120014012306928,0.0,1.0,0.2631463320067269
5,2,0.7,0.03,contrast,C1 cluster pct,0.856,0.015701210144444283,0.023917726358026265,0.0,0.978,0.2631463320067269
5,2,0.7,0.03,divergence,C2a simult. cluster max-|t|,0.874,0.01484075469779081,0.043991956630377485,0.0,1.0,0.3602815839985851
5,2,0.7,0.03,contrast,C2a simult. cluster max-|t|,0.88,0.014532721699667961,0.02644193487157603,0.0,0.964,0.3602815839985851
5,2,0.7,0.03,divergence,C2b simult. Bonferroni-t,0.972,0.0073778045514909145,0.08365292522931841,0.0,1.0,0.0011209160002181306
5,2,0.7,0.03,contrast,C2b simult. Bonferroni-t,0.974,0.007116740827092135,0.04859338642196174,0.0,0.684,0.0011209160002181306
5,2,0.7,0.03,divergence,C2c m-out-of-n cluster,0.842,0.016311713582576173,0.040951336406873096,0.0,1.0,0.23536574999889126
5,2,0.7,0.03,contrast,C2c m-out-of-n cluster,0.852,0.015880554146502572,0.023756019784888248,0.0,0.984,0.23536574999889126
5,3,0.0,0.0,divergence,C0 current,0.896,0.013651666564928987,0.017066610653966165,0.38,1.0,0.5308910840030876
5,3,0.0,0.0,contrast,C0 current,0.876,0.014739335127474372,0.03329697444512375,0.048,0.124,0.5308910840030876
5,3,0.0,0.0,divergence,C1 cluster pct,0.568,0.022152923057691506,0.02569629006832838,0.0,1.0,0.26054758400277933
5,3,0.0,0.0,contrast,C1 cluster pct,0.742,0.019567115270269147,0.04050053327158094,0.0,0.258,0.26054758400277933
5,3,0.0,0.0,divergence,C2a simult. cluster max-|t|,0.868,0.01513776733867977,0.03588416175142158,0.0,1.0,0.3943159180053044
5,3,0.0,0.0,contrast,C2a simult. cluster max-|t|,0.86,0.01551773179301666,0.05031921998295093,0.0,0.14,0.3943159180053044
5,3,0.0,0.0,divergence,C2b simult. Bonferroni-t,0.974,0.007116740827092135,0.07080105181126047,0.0,1.0,0.0010303339950041845
5,3,0.0,0.0,contrast,C2b simult. Bonferroni-t,0.972,0.0073778045514909145,0.10038305024705545,0.0,0.028,0.0010303339950041845
5,3,0.0,0.0,divergence,C2c m-out-of-n cluster,0.828,0.0168769665520792,0.02498414717885955,0.008,1.0,0.23563041599845747
5,3,0.0,0.0,contrast,C2c m-out-of-n cluster,0.838,0.016477621187537962,0.03983049733216538,0.004,0.162,0.23563041599845747
5,3,0.0,0.01,divergence,C0 current,0.596,0.021944657664224338,0.017287126438305708,0.522,1.0,0.536805749994528
5,3,0.0,0.01,contrast,C0 current,0.8,0.017888543819998316,0.03326961303918215,0.122,0.156,0.536805749994528
5,3,0.0,0.01,divergence,C1 cluster pct,0.842,0.016311713582576173,0.025940075994282958,0.002,1.0,0.25751424999907613
5,3,0.0,0.01,contrast,C1 cluster pct,0.83,0.016798809481626965,0.039836354622989886,0.0,0.398,0.25751424999907613
5,3,0.0,0.01,divergence,C2a simult. cluster max-|t|,0.93,0.011410521460476728,0.03504667583194508,0.0,1.0,0.3964144999990822
5,3,0.0,0.01,contrast,C2a simult. cluster max-|t|,0.928,0.0115599307956406,0.04921665439561126,0.0,0.248,0.3964144999990822
5,3,0.0,0.01,divergence,C2b simult. Bonferroni-t,0.992,0.003983967871356396,0.0697026425914608,0.0,1.0,0.001062750001437962
5,3,0.0,0.01,contrast,C2b simult. Bonferroni-t,0.982,0.005945754788082,0.09861044966048606,0.0,0.046,0.001062750001437962
5,3,0.0,0.01,divergence,C2c m-out-of-n cluster,0.816,0.017328819925199756,0.02515421135050204,0.0,1.0,0.24221008399763377
5,3,0.0,0.01,contrast,C2c m-out-of-n cluster,0.822,0.01710648999648964,0.03909504830261891,0.0,0.26,0.24221008399763377
5,3,0.0,0.03,divergence,C0 current,0.034,0.008104813384649889,0.018918155602654915,0.946,1.0,0.5396240839982056
5,3,0.0,0.03,contrast,C0 current,0.392,0.021832819332372078,0.034030520978643564,0.652,0.258,0.5396240839982056
5,3,0.0,0.03,divergence,C1 cluster pct,0.87,0.015039946808416579,0.02891653278246522,0.0,1.0,0.2594501659987145
5,3,0.0,0.03,contrast,C1 cluster pct,0.85,0.015968719422671314,0.04260420604348182,0.0,0.738,0.2594501659987145
5,3,0.0,0.03,divergence,C2a simult. cluster max-|t|,0.916,0.012405160216619531,0.036079145519461675,0.0,1.0,0.39288091599883046
5,3,0.0,0.03,contrast,C2a simult. cluster max-|t|,0.896,0.013651666564928987,0.05053873271497911,0.0,0.622,0.39288091599883046
5,3,0.0,0.03,divergence,C2b simult. Bonferroni-t,0.996,0.002822764602300377,0.07120513006850249,0.0,1.0,0.0014636679989052936
5,3,0.0,0.03,contrast,C2b simult. Bonferroni-t,0.992,0.003983967871356396,0.10115476839346414,0.0,0.206,0.0014636679989052936
5,3,0.0,0.03,divergence,C2c m-out-of-n cluster,0.766,0.01893377933746984,0.028089735375030542,0.0,1.0,0.23406324999814387
5,3,0.0,0.03,contrast,C2c m-out-of-n cluster,0.82,0.017181385275931625,0.041946156898696844,0.0,0.7,0.23406324999814387
5,3,0.3,0.0,divergence,C0 current,0.604,0.02187162545399861,0.01652696477483166,0.304,1.0,0.5358531660021981
5,3,0.3,0.0,contrast,C0 current,0.892,0.013880633991284403,0.03211324151475231,0.026,0.108,0.5358531660021981
5,3,0.3,0.0,divergence,C1 cluster pct,0.704,0.020414896521902825,0.03210815891996026,0.0,1.0,0.2577331659995252
5,3,0.3,0.0,contrast,C1 cluster pct,0.71,0.020292855885754475,0.03355484302341938,0.0,0.29,0.2577331659995252
5,3,0.3,0.0,divergence,C2a simult. cluster max-|t|,0.84,0.01639512122553536,0.040173881207732916,0.0,1.0,0.38715033199696336
5,3,0.3,0.0,contrast,C2a simult. cluster max-|t|,0.842,0.016311713582576173,0.041632361921447855,0.0,0.158,0.38715033199696336
5,3,0.3,0.0,divergence,C2b simult. Bonferroni-t,0.982,0.005945754788082,0.08020282009734317,0.0,1.0,0.0017389999993611127
5,3,0.3,0.0,contrast,C2b simult. Bonferroni-t,0.974,0.007116740827092135,0.08313955622191853,0.0,0.026,0.0017389999993611127
5,3,0.3,0.0,divergence,C2c m-out-of-n cluster,0.79,0.01821537811850196,0.031664447561341576,0.0,1.0,0.23425600000337
5,3,0.3,0.0,contrast,C2c m-out-of-n cluster,0.834,0.016639951923007473,0.03317595628631916,0.0,0.166,0.23425600000337
5,3,0.3,0.01,divergence,C0 current,0.532,0.022314838112789434,0.016744124701320823,0.458,1.0,0.5398659999991651
5,3,0.3,0.01,contrast,C0 current,0.852,0.015880554146502572,0.032314900725251255,0.074,0.112,0.5398659999991651
5,3,0.3,0.01,divergence,C1 cluster pct,0.862,0.01542439626046997,0.033249273706972594,0.0,1.0,0.26142883399734274
5,3,0.3,0.01,contrast,C1 cluster pct,0.834,0.016639951923007473,0.033664118602126834,0.0,0.43,0.26142883399734274
5,3,0.3,0.01,divergence,C2a simult. cluster max-|t|,0.916,0.012405160216619531,0.04126098801347605,0.0,1.0,0.3958336680007051
5,3,0.3,0.01,contrast,C2a simult. cluster max-|t|,0.92,0.012132600710482479,0.04189909636017222,0.0,0.256,0.3958336680007051
5,3,0.3,0.01,divergence,C2b simult. Bonferroni-t,0.994,0.0034536936748935927,0.08184207800915402,0.0,1.0,0.0008794160021352582
5,3,0.3,0.01,contrast,C2b simult. Bonferroni-t,0.992,0.003983967871356396,0.08327242777421134,0.0,0.04,0.0008794160021352582
5,3,0.3,0.01,divergence,C2c m-out-of-n cluster,0.824,0.017030795636141023,0.03272120538670458,0.0,1.0,0.23552233399823308
5,3,0.3,0.01,contrast,C2c m-out-of-n cluster,0.826,0.016954291492126707,0.03317419266167123,0.0,0.304,0.23552233399823308
5,3,0.3,0.03,divergence,C0 current,0.106,0.013766916866168693,0.018315976666448797,0.952,1.0,0.5334393339944654
5,3,0.3,0.03,contrast,C0 current,0.352,0.02135865164283551,0.03350916532251918,0.69,0.224,0.5334393339944654
5,3,0.3,0.03,divergence,C1 cluster pct,0.836,0.0165592270351004,0.03386820757463574,0.0,1.0,0.26490124999691034
5,3,0.3,0.03,contrast,C1 cluster pct,0.826,0.016954291492126707,0.03603295514285564,0.0,0.818,0.26490124999691034
5,3,0.3,0.03,divergence,C2a simult. cluster max-|t|,0.904,0.013174520864152895,0.040153592471374185,0.0,1.0,0.3904266679965076
5,3,0.3,0.03,contrast,C2a simult. cluster max-|t|,0.882,0.014427473791346842,0.04241117666356463,0.0,0.718,0.3904266679965076
5,3,0.3,0.03,divergence,C2b simult. Bonferroni-t,0.976,0.006844559883586383,0.07971039740590198,0.0,1.0,0.0009975839930120856
5,3,0.3,0.03,contrast,C2b simult. Bonferroni-t,0.992,0.003983967871356396,0.08449637998781057,0.0,0.262,0.0009975839930120856
5,3,0.3,0.03,divergence,C2c m-out-of-n cluster,0.814,0.017401379255679708,0.033495065018952046,0.0,1.0,0.37258891600504285
5,3,0.3,0.03,contrast,C2c m-out-of-n cluster,0.786,0.01834142851579451,0.03566377122820112,0.0,0.768,0.37258891600504285
5,3,0.7,0.0,divergence,C0 current,0.51,0.022356207191739835,0.01542578068584249,0.138,1.0,0.5552608319994761
5,3,0.7,0.0,contrast,C0 current,0.972,0.0073778045514909145,0.030346282552905234,0.012,0.028,0.5552608319994761
5,3,0.7,0.0,divergence,C1 cluster pct,0.818,0.017255491879398864,0.03858971571624279,0.0,1.0,0.25908541600074386
5,3,0.7,0.0,contrast,C1 cluster pct,0.738,0.01966499427917537,0.021969889275729657,0.0,0.262,0.25908541600074386
5,3,0.7,0.0,divergence,C2a simult. cluster max-|t|,0.892,0.013880633991284403,0.04398889418602542,0.0,1.0,0.39010108400543686
5,3,0.7,0.0,contrast,C2a simult. cluster max-|t|,0.852,0.015880554146502572,0.02741177387496595,0.0,0.148,0.39010108400543686
5,3,0.7,0.0,divergence,C2b simult. Bonferroni-t,0.988,0.004869496893930627,0.09094983476617234,0.0,1.0,0.0017121679993579164
5,3,0.7,0.0,contrast,C2b simult. Bonferroni-t,0.976,0.006844559883586383,0.05460098104778109,0.0,0.024,0.0017121679993579164
5,3,0.7,0.0,divergence,C2c m-out-of-n cluster,0.826,0.016954291492126707,0.03827534105485692,0.0,1.0,0.23605383399990387
5,3,0.7,0.0,contrast,C2c m-out-of-n cluster,0.824,0.017030795636141023,0.021680478309292775,0.0,0.176,0.23605383399990387
5,3,0.7,0.01,divergence,C0 current,0.388,0.021792475765731623,0.01584149521243877,0.432,1.0,0.5437078320028377
5,3,0.7,0.01,contrast,C0 current,0.9,0.013416407864998736,0.030542261949270504,0.07,0.046,0.5437078320028377
5,3,0.7,0.01,divergence,C1 cluster pct,0.828,0.0168769665520792,0.03967235661894082,0.0,1.0,0.25832233400433324
5,3,0.7,0.01,contrast,C1 cluster pct,0.862,0.01542439626046997,0.02238102004118264,0.0,0.56,0.25832233400433324
5,3,0.7,0.01,divergence,C2a simult. cluster max-|t|,0.892,0.013880633991284403,0.044930632486938654,0.0,1.0,0.39087133199791424
5,3,0.7,0.01,contrast,C2a simult. cluster max-|t|,0.92,0.012132600710482479,0.027422056801173152,0.0,0.366,0.39087133199791424
5,3,0.7,0.01,divergence,C2b simult. Bonferroni-t,0.984,0.00561141693336006,0.09247697456515727,0.0,1.0,0.0011686660000123084
5,3,0.7,0.01,contrast,C2b simult. Bonferroni-t,0.986,0.0052543315464481325,0.05450624063112834,0.0,0.082,0.0011686660000123084
5,3,0.7,0.01,divergence,C2c m-out-of-n cluster,0.82,0.017181385275931625,0.03926199022029998,0.0,1.0,0.2357644179937779
5,3,0.7,0.01,contrast,C2c m-out-of-n cluster,0.804,0.01775297158224504,0.02187632977439347,0.0,0.422,0.2357644179937779
5,3,0.7,0.03,divergence,C0 current,0.134,0.015234434679370286,0.01780580826865353,0.996,1.0,0.5279281660041306
5,3,0.7,0.03,contrast,C0 current,0.286,0.020209106858047932,0.03198238000968565,0.772,0.2,0.5279281660041306
5,3,0.7,0.03,divergence,C1 cluster pct,0.866,0.015234434679370286,0.040013898287713526,0.0,1.0,0.2614654999997583
5,3,0.7,0.03,contrast,C1 cluster pct,0.822,0.01710648999648964,0.02326472779363394,0.0,0.986,0.2614654999997583
5,3,0.7,0.03,divergence,C2a simult. cluster max-|t|,0.892,0.013880633991284403,0.04455542562118581,0.0,1.0,0.3986869179934729
5,3,0.7,0.03,contrast,C2a simult. cluster max-|t|,0.862,0.01542439626046997,0.02709849047677922,0.0,0.972,0.3986869179934729
5,3,0.7,0.03,divergence,C2b simult. Bonferroni-t,0.986,0.0052543315464481325,0.09270888866656722,0.0,1.0,0.0011790839998866431
5,3,0.7,0.03,contrast,C2b simult. Bonferroni-t,0.982,0.005945754788082,0.053883998458557014,0.0,0.614,0.0011790839998866431
5,3,0.7,0.03,divergence,C2c m-out-of-n cluster,0.864,0.01532997064576446,0.03994558523898587,0.0,1.0,0.23367175000021234
5,3,0.7,0.03,contrast,C2c m-out-of-n cluster,0.814,0.017401379255679708,0.023153767128008682,0.0,0.984,0.23367175000021234
10,1,0.0,0.0,divergence,C0 current,0.856,0.015701210144444283,0.02047425294100272,0.0,1.0,0.5426920000027167
10,1,0.0,0.0,contrast,C0 current,0.854,0.015791390059142988,0.029342704899925555,0.0,0.146,0.5426920000027167
10,1,0.0,0.0,divergence,C1 cluster pct,0.89,0.013992855319769442,0.023812016025185585,0.0,1.0,0.5054864999983693
10,1,0.0,0.0,contrast,C1 cluster pct,0.888,0.014103616557464968,0.03404154512584209,0.0,0.112,0.5054864999983693
10,1,0.0,0.0,divergence,C2a simult. cluster max-|t|,0.896,0.013651666564928987,0.02383741951249236,0.0,1.0,0.5111966660042526
10,1,0.0,0.0,contrast,C2a simult. cluster max-|t|,0.886,0.014212951839783317,0.034070635481504866,0.0,0.114,0.5111966660042526
10,1,0.0,0.0,divergence,C2b simult. Bonferroni-t,0.95,0.00974679434480897,0.029250497232289632,0.0,1.0,0.0004995000053895637
10,1,0.0,0.0,contrast,C2b simult. Bonferroni-t,0.928,0.0115599307956406,0.04179330672407853,0.0,0.072,0.0004995000053895637
10,1,0.0,0.0,divergence,C2c m-out-of-n cluster,0.888,0.014103616557464968,0.02369136334003482,0.0,1.0,0.41301558400300564
10,1,0.0,0.0,contrast,C2c m-out-of-n cluster,0.884,0.014320893826853127,0.033888221189035575,0.0,0.116,0.41301558400300564
10,1,0.0,0.01,divergence,C0 current,0.868,0.01513776733867977,0.02069023265188065,0.0,1.0,0.5269401679979637
10,1,0.0,0.01,contrast,C0 current,0.86,0.01551773179301666,0.029341175148061737,0.0,0.332,0.5269401679979637
10,1,0.0,0.01,divergence,C1 cluster pct,0.904,0.013174520864152895,0.024162289436161517,0.0,1.0,0.49655725000047823
10,1,0.0,0.01,contrast,C1 cluster pct,0.904,0.013174520864152895,0.033857566991448394,0.0,0.266,0.49655725000047823
10,1,0.0,0.01,divergence,C2a simult. cluster max-|t|,0.902,0.013296315279053816,0.024149382505237856,0.0,1.0,0.5045557500052382
10,1,0.0,0.01,contrast,C2a simult. cluster max-|t|,0.914,0.01253826144248077,0.033881517816924375,0.0,0.266,0.5045557500052382
10,1,0.0,0.01,divergence,C2b simult. Bonferroni-t,0.936,0.01094568408095172,0.029633805505552956,0.0,1.0,0.0005111660066177137
10,1,0.0,0.01,contrast,C2b simult. Bonferroni-t,0.964,0.008331146379700699,0.04160624374536813,0.0,0.168,0.0005111660066177137
10,1,0.0,0.01,divergence,C2c m-out-of-n cluster,0.888,0.014103616557464968,0.02401908780211767,0.0,1.0,0.4052007499994943
10,1,0.0,0.01,contrast,C2c m-out-of-n cluster,0.908,0.012925633446759966,0.03365785141991452,0.0,0.258,0.4052007499994943
10,1,0.0,0.03,divergence,C0 current,0.86,0.01551773179301666,0.0206607080470342,0.0,1.0,0.5321979999935138
10,1,0.0,0.03,contrast,C0 current,0.854,0.015791390059142988,0.02915263492825977,0.0,0.94,0.5321979999935138
10,1,0.0,0.03,divergence,C1 cluster pct,0.888,0.014103616557464968,0.024096243868768213,0.0,1.0,0.49991266599681694
10,1,0.0,0.03,contrast,C1 cluster pct,0.89,0.013992855319769442,0.033840263076126566,0.0,0.878,0.49991266599681694
10,1,0.0,0.03,divergence,C2a simult. cluster max-|t|,0.886,0.014212951839783317,0.02412030717162442,0.0,1.0,0.5060641660020337
10,1,0.0,0.03,contrast,C2a simult. cluster max-|t|,0.896,0.013651666564928987,0.03385072747069194,0.0,0.876,0.5060641660020337
10,1,0.0,0.03,divergence,C2b simult. Bonferroni-t,0.938,0.010784804124322337,0.02959596223379178,0.0,1.0,0.0006454159956774674
10,1,0.0,0.03,contrast,C2b simult. Bonferroni-t,0.93,0.011410521460476728,0.041521381830404776,0.0,0.778,0.0006454159956774674
10,1,0.0,0.03,divergence,C2c m-out-of-n cluster,0.89,0.013992855319769442,0.02398213722222778,0.0,1.0,0.39936424999905284
10,1,0.0,0.03,contrast,C2c m-out-of-n cluster,0.892,0.013880633991284403,0.03360518520691875,0.0,0.876,0.39936424999905284
10,1,0.3,0.0,divergence,C0 current,0.812,0.017473179447370188,0.020305771810850894,0.0,1.0,0.53019033199962
10,1,0.3,0.0,contrast,C0 current,0.928,0.0115599307956406,0.028866064687747873,0.0,0.072,0.53019033199962
10,1,0.3,0.0,divergence,C1 cluster pct,0.908,0.012925633446759966,0.0275797742433846,0.0,1.0,0.4958097499984433
10,1,0.3,0.0,contrast,C1 cluster pct,0.894,0.013766916866168691,0.02816190821826458,0.0,0.106,0.4958097499984433
10,1,0.3,0.0,divergence,C2a simult. cluster max-|t|,0.906,0.013050976974924135,0.02758763600086709,0.0,1.0,0.501853667992691
10,1,0.3,0.0,contrast,C2a simult. cluster max-|t|,0.894,0.013766916866168691,0.028177269416854698,0.0,0.106,0.501853667992691
10,1,0.3,0.0,divergence,C2b simult. Bonferroni-t,0.952,0.009559916317625384,0.03379522725325556,0.0,1.0,0.0005328339975676499
10,1,0.3,0.0,contrast,C2b simult. Bonferroni-t,0.948,0.009929350431926557,0.034588206305108116,0.0,0.052,0.0005328339975676499
10,1,0.3,0.0,divergence,C2c m-out-of-n cluster,0.898,0.013534843922262271,0.02737549628162908,0.0,1.0,0.4024187500035623
10,1,0.3,0.0,contrast,C2c m-out-of-n cluster,0.898,0.013534843922262271,0.0280605193775477,0.0,0.102,0.4024187500035623
10,1,0.3,0.01,divergence,C0 current,0.794,0.01808668018183547,0.020320397981582906,0.0,1.0,0.5369774999999208
10,1,0.3,0.01,contrast,C0 current,0.89,0.013992855319769442,0.028798636790444768,0.0,0.302,0.5369774999999208
10,1,0.3,0.01,divergence,C1 cluster pct,0.9,0.013416407864998736,0.02710370822176337,0.0,1.0,0.49145716600469314
10,1,0.3,0.01,contrast,C1 cluster pct,0.902,0.013296315279053816,0.02878060286045074,0.0,0.31,0.49145716600469314
10,1,0.3,0.01,divergence,C2a simult. cluster max-|t|,0.9,0.013416407864998736,0.02709782065482249,0.0,1.0,0.49677999800042016
10,1,0.3,0.01,contrast,C2a simult. cluster max-|t|,0.902,0.013296315279053816,0.028793385592343186,0.0,0.306,0.49677999800042016
10,1,0.3,0.01,divergence,C2b simult. Bonferroni-t,0.952,0.009559916317625384,0.033360189577470424,0.0,1.0,0.0007440000044880435
10,1,0.3,0.01,contrast,C2b simult. Bonferroni-t,0.948,0.009929350431926557,0.035324212982649816,0.0,0.2,0.0007440000044880435
10,1,0.3,0.01,divergence,C2c m-out-of-n cluster,0.896,0.013651666564928987,0.027122433939622197,0.0,1.0,0.4106519999986631
10,1,0.3,0.01,contrast,C2c m-out-of-n cluster,0.91,0.012798437404620923,0.02865085232639448,0.0,0.314,0.4106519999986631
10,1,0.3,0.03,divergence,C0 current,0.794,0.01808668018183547,0.020482952366766276,0.0,1.0,0.5419054160011001
10,1,0.3,0.03,contrast,C0 current,0.94,0.010620734437881408,0.02905771413561002,0.0,0.972,0.5419054160011001
10,1,0.3,0.03,divergence,C1 cluster pct,0.884,0.014320893826853127,0.027728253159672023,0.0,1.0,0.4941986660051043
10,1,0.3,0.03,contrast,C1 cluster pct,0.904,0.013174520864152895,0.02806499309390783,0.0,0.964,0.4941986660051043
10,1,0.3,0.03,divergence,C2a simult. cluster max-|t|,0.886,0.014212951839783317,0.02773536355477489,0.0,1.0,0.4995896660038852
10,1,0.3,0.03,contrast,C2a simult. cluster max-|t|,0.906,0.013050976974924135,0.028088573460656206,0.0,0.968,0.4995896660038852
10,1,0.3,0.03,divergence,C2b simult. Bonferroni-t,0.944,0.010282412168358165,0.034060470556096886,0.0,1.0,0.0005023320045438595
10,1,0.3,0.03,contrast,C2b simult. Bonferroni-t,0.962,0.008550555537507495,0.03453708903882648,0.0,0.93,0.0005023320045438595
10,1,0.3,0.03,divergence,C2c m-out-of-n cluster,0.874,0.01484075469779081,0.02752091552248975,0.0,1.0,0.4051705000019865
10,1,0.3,0.03,contrast,C2c m-out-of-n cluster,0.9,0.013416407864998736,0.028041224914342817,0.0,0.968,0.4051705000019865
10,1,0.7,0.0,divergence,C0 current,0.746,0.019467100451787882,0.01979275215437823,0.0,1.0,0.5288891679956578
10,1,0.7,0.0,contrast,C0 current,0.986,0.0052543315464481325,0.028241088940184688,0.0,0.014,0.5288891679956578
10,1,0.7,0.0,divergence,C1 cluster pct,0.902,0.013296315279053816,0.030801446767151356,0.0,1.0,0.5111043339929893
10,1,0.7,0.0,contrast,C1 cluster pct,0.896,0.013651666564928987,0.018796600948274133,0.0,0.104,0.5111043339929893
10,1,0.7,0.0,divergence,C2a simult. cluster max-|t|,0.906,0.013050976974924135,0.030836192135670397,0.0,1.0,0.5173275839988491
10,1,0.7,0.0,contrast,C2a simult. cluster max-|t|,0.9,0.013416407864998736,0.01880849317167941,0.0,0.1,0.5173275839988491
10,1,0.7,0.0,divergence,C2b simult. Bonferroni-t,0.954,0.009368457717255283,0.037884499564342734,0.0,1.0,0.00043075000576209277
10,1,0.7,0.0,contrast,C2b simult. Bonferroni-t,0.95,0.00974679434480897,0.02306663476039821,0.0,0.05,0.00043075000576209277
10,1,0.7,0.0,divergence,C2c m-out-of-n cluster,0.908,0.012925633446759966,0.03063995624654452,0.0,1.0,0.4200971660029609
10,1,0.7,0.0,contrast,C2c m-out-of-n cluster,0.902,0.013296315279053816,0.018674431855920756,0.0,0.098,0.4200971660029609
10,1,0.7,0.01,divergence,C0 current,0.738,0.01966499427917537,0.01999898834309038,0.0,1.0,0.5409775839943904
10,1,0.7,0.01,contrast,C0 current,0.99,0.0044497190922574,0.028584351116246666,0.0,0.248,0.5409775839943904
10,1,0.7,0.01,divergence,C1 cluster pct,0.904,0.013174520864152895,0.031285903652012344,0.0,1.0,0.506028415999026
10,1,0.7,0.01,contrast,C1 cluster pct,0.882,0.014427473791346842,0.01849810713380575,0.0,0.578,0.506028415999026
10,1,0.7,0.01,divergence,C2a simult. cluster max-|t|,0.906,0.013050976974924135,0.03132825754245004,0.0,1.0,0.5136440000060247
10,1,0.7,0.01,contrast,C2a simult. cluster max-|t|,0.886,0.014212951839783317,0.018518079000010488,0.0,0.572,0.5136440000060247
10,1,0.7,0.01,divergence,C2b simult. Bonferroni-t,0.946,0.010107818755794947,0.03845295986002354,0.0,1.0,0.0013429160026134923
10,1,0.7,0.01,contrast,C2b simult. Bonferroni-t,0.95,0.00974679434480897,0.022747151914369972,0.0,0.436,0.0013429160026134923
10,1,0.7,0.01,divergence,C2c m-out-of-n cluster,0.894,0.013766916866168691,0.031161871925917146,0.0,1.0,0.40021658199839294
10,1,0.7,0.01,contrast,C2c m-out-of-n cluster,0.888,0.014103616557464968,0.018420692989033483,0.0,0.576,0.40021658199839294
10,1,0.7,0.03,divergence,C0 current,0.716,0.020166506886419373,0.020090369113446527,0.0,1.0,0.5403087500017136
10,1,0.7,0.03,contrast,C0 current,0.98,0.006260990336999414,0.02865404637514938,0.0,0.998,0.5403087500017136
10,1,0.7,0.03,divergence,C1 cluster pct,0.894,0.013766916866168691,0.031471021331101655,0.0,1.0,0.4998455000022659
10,1,0.7,0.03,contrast,C1 cluster pct,0.89,0.013992855319769442,0.01836788912191987,0.0,1.0,0.4998455000022659
10,1,0.7,0.03,divergence,C2a simult. cluster max-|t|,0.898,0.013534843922262271,0.03145945951115202,0.0,1.0,0.5077512480056612
10,1,0.7,0.03,contrast,C2a simult. cluster max-|t|,0.896,0.013651666564928987,0.018386738316941525,0.0,1.0,0.5077512480056612
10,1,0.7,0.03,divergence,C2b simult. Bonferroni-t,0.938,0.010784804124322337,0.03860566481158089,0.0,1.0,0.0006767500017303973
10,1,0.7,0.03,contrast,C2b simult. Bonferroni-t,0.944,0.010282412168358165,0.02256237041409873,0.0,1.0,0.0006767500017303973
10,1,0.7,0.03,divergence,C2c m-out-of-n cluster,0.888,0.014103616557464968,0.03130284305318676,0.0,1.0,0.40322666599968215
10,1,0.7,0.03,contrast,C2c m-out-of-n cluster,0.892,0.013880633991284403,0.018309565044206784,0.0,1.0,0.40322666599968215
10,2,0.0,0.0,divergence,C0 current,0.882,0.014427473791346842,0.014842820844493556,0.116,1.0,0.7804426679940661
10,2,0.0,0.0,contrast,C0 current,0.868,0.01513776733867977,0.02568219935968559,0.006,0.132,0.7804426679940661
10,2,0.0,0.0,divergence,C1 cluster pct,0.814,0.017401379255679708,0.02135397212430835,0.0,1.0,0.5323417500039795
10,2,0.0,0.0,contrast,C1 cluster pct,0.854,0.015791390059142988,0.03278384783640503,0.0,0.146,0.5323417500039795
10,2,0.0,0.0,divergence,C2a simult. cluster max-|t|,0.938,0.010784804124322337,0.027326697096146886,0.0,1.0,0.629265415998816
10,2,0.0,0.0,contrast,C2a simult. cluster max-|t|,0.936,0.01094568408095172,0.038757662626579946,0.0,0.064,0.629265415998816
10,2,0.0,0.0,divergence,C2b simult. Bonferroni-t,0.984,0.00561141693336006,0.03509934935858468,0.0,1.0,0.001638166002521757
10,2,0.0,0.0,contrast,C2b simult. Bonferroni-t,0.978,0.006559878047646925,0.0502554911500316,0.0,0.022,0.001638166002521757
10,2,0.0,0.0,divergence,C2c m-out-of-n cluster,0.898,0.013534843922262271,0.02085524985712037,0.0,1.0,0.45123841599706793
10,2,0.0,0.0,contrast,C2c m-out-of-n cluster,0.892,0.013880633991284403,0.032321996615533685,0.0,0.108,0.45123841599706793
10,2,0.0,0.01,divergence,C0 current,0.686,0.020755914819636352,0.01516878062169232,0.292,1.0,0.7821064159943489
10,2,0.0,0.01,contrast,C0 current,0.802,0.017821111076473318,0.02572558182804219,0.064,0.208,0.7821064159943489
10,2,0.0,0.01,divergence,C1 cluster pct,0.908,0.012925633446759966,0.022010491085797546,0.0,1.0,0.5370345000046655
10,2,0.0,0.01,contrast,C1 cluster pct,0.904,0.013174520864152895,0.03279831991568207,0.0,0.334,0.5370345000046655
10,2,0.0,0.01,divergence,C2a simult. cluster max-|t|,0.962,0.008550555537507495,0.027308905048320873,0.0,1.0,0.6321691679986543
10,2,0.0,0.01,contrast,C2a simult. cluster max-|t|,0.946,0.010107818755794947,0.03828169057365378,0.0,0.204,0.6321691679986543
10,2,0.0,0.01,divergence,C2b simult. Bonferroni-t,0.994,0.0034536936748935927,0.035102111791646774,0.0,1.0,0.0015468340061488561
10,2,0.0,0.01,contrast,C2b simult. Bonferroni-t,0.986,0.0052543315464481325,0.04973236687891186,0.0,0.102,0.0015468340061488561
10,2,0.0,0.01,divergence,C2c m-out-of-n cluster,0.848,0.01605590234150669,0.021392632150212802,0.0,1.0,0.44132974999956787
10,2,0.0,0.01,contrast,C2c m-out-of-n cluster,0.88,0.014532721699667961,0.032227937558512706,0.0,0.248,0.44132974999956787
10,2,0.0,0.03,divergence,C0 current,0.09,0.012798437404620925,0.01660904462852688,0.938,1.0,0.7757369179962552
10,2,0.0,0.03,contrast,C0 current,0.402,0.021926969694875762,0.026737801554115734,0.632,0.538,0.7757369179962552
10,2,0.0,0.03,divergence,C1 cluster pct,0.902,0.013296315279053816,0.02399761303886771,0.0,1.0,0.5263185820003855
10,2,0.0,0.03,contrast,C1 cluster pct,0.896,0.013651666564928987,0.0340879791304469,0.0,0.902,0.5263185820003855
10,2,0.0,0.03,divergence,C2a simult. cluster max-|t|,0.944,0.010282412168358165,0.027431298388980088,0.0,1.0,0.6200825840060133
10,2,0.0,0.03,contrast,C2a simult. cluster max-|t|,0.934,0.01110351295761841,0.03829816979851562,0.0,0.846,0.6200825840060133
10,2,0.0,0.03,divergence,C2b simult. Bonferroni-t,0.982,0.005945754788082,0.03525792068355021,0.0,1.0,0.002019500003370922
10,2,0.0,0.03,contrast,C2b simult. Bonferroni-t,0.972,0.0073778045514909145,0.04991253526611531,0.0,0.67,0.002019500003370922
10,2,0.0,0.03,divergence,C2c m-out-of-n cluster,0.88,0.014532721699667961,0.023557083031815175,0.0,1.0,0.433206000001519
10,2,0.0,0.03,contrast,C2c m-out-of-n cluster,0.892,0.013880633991284403,0.033702367212651824,0.0,0.896,0.433206000001519
10,2,0.3,0.0,divergence,C0 current,0.756,0.019207498535728174,0.014599277570916605,0.048,1.0,0.7781570840015775
10,2,0.3,0.0,contrast,C0 current,0.934,0.01110351295761841,0.02517557772293262,0.002,0.066,0.7781570840015775
10,2,0.3,0.0,divergence,C1 cluster pct,0.876,0.014739335127474372,0.025587195662409065,0.0,1.0,0.5317733340052655
10,2,0.3,0.0,contrast,C1 cluster pct,0.88,0.014532721699667961,0.02712678339630365,0.0,0.12,0.5317733340052655
10,2,0.3,0.0,divergence,C2a simult. cluster max-|t|,0.94,0.010620734437881408,0.03048591682544061,0.0,1.0,0.6218329160037683
10,2,0.3,0.0,contrast,C2a simult. cluster max-|t|,0.95,0.00974679434480897,0.032123765694150264,0.0,0.05,0.6218329160037683
10,2,0.3,0.0,divergence,C2b simult. Bonferroni-t,0.982,0.005945754788082,0.039605990220403016,0.0,1.0,0.0012454999960027635
10,2,0.3,0.0,contrast,C2b simult. Bonferroni-t,0.984,0.00561141693336006,0.04175239112942671,0.0,0.016,0.0012454999960027635
10,2,0.3,0.0,divergence,C2c m-out-of-n cluster,0.9,0.013416407864998736,0.025296372886539152,0.0,1.0,0.43917358400358353
10,2,0.3,0.0,contrast,C2c m-out-of-n cluster,0.9,0.013416407864998736,0.02676042921028196,0.0,0.1,0.43917358400358353
10,2,0.3,0.01,divergence,C0 current,0.576,0.022100859711784968,0.014786803461067186,0.32,1.0,0.8152757499992731
10,2,0.3,0.01,contrast,C0 current,0.85,0.015968719422671314,0.025293261087675212,0.032,0.16,0.8152757499992731
10,2,0.3,0.01,divergence,C1 cluster pct,0.902,0.013296315279053816,0.02632058152258396,0.0,1.0,0.5482469999988098
10,2,0.3,0.01,contrast,C1 cluster pct,0.91,0.012798437404620923,0.027616268191486597,0.0,0.38,0.5482469999988098
10,2,0.3,0.01,divergence,C2a simult. cluster max-|t|,0.954,0.009368457717255283,0.03081272526263939,0.0,1.0,0.6391496680007549
10,2,0.3,0.01,contrast,C2a simult. cluster max-|t|,0.944,0.010282412168358165,0.032092188007215604,0.0,0.28,0.6391496680007549
10,2,0.3,0.01,divergence,C2b simult. Bonferroni-t,0.99,0.0044497190922574,0.039968326739152606,0.0,1.0,0.001614834000065457
10,2,0.3,0.01,contrast,C2b simult. Bonferroni-t,0.982,0.005945754788082,0.04178411069148716,0.0,0.164,0.001614834000065457
10,2,0.3,0.01,divergence,C2c m-out-of-n cluster,0.87,0.015039946808416579,0.025836012537969213,0.0,1.0,0.4386010839953087
10,2,0.3,0.01,contrast,C2c m-out-of-n cluster,0.872,0.014940950438308804,0.027117922931342776,0.0,0.326,0.4386010839953087
10,2,0.3,0.03,divergence,C0 current,0.13,0.015039946808416579,0.01651876638168722,0.966,1.0,0.784139834002417
10,2,0.3,0.03,contrast,C0 current,0.378,0.02168483340955148,0.026422703755261828,0.692,0.584,0.784139834002417
10,2,0.3,0.03,divergence,C1 cluster pct,0.924,0.01185107590052481,0.027421272955089806,0.0,1.0,0.5275160840028548
10,2,0.3,0.03,contrast,C1 cluster pct,0.914,0.01253826144248077,0.028804840087890624,0.0,0.972,0.5275160840028548
10,2,0.3,0.03,divergence,C2a simult. cluster max-|t|,0.946,0.010107818755794947,0.03086873530982592,0.0,1.0,0.6274285839972435
10,2,0.3,0.03,contrast,C2a simult. cluster max-|t|,0.952,0.009559916317625384,0.032362563883550445,0.0,0.952,0.6274285839972435
10,2,0.3,0.03,divergence,C2b simult. Bonferroni-t,0.988,0.004869496893930627,0.03997352116598513,0.0,1.0,0.0015881660001468845
10,2,0.3,0.03,contrast,C2b simult. Bonferroni-t,0.982,0.005945754788082,0.04197436951134213,0.0,0.852,0.0015881660001468845
10,2,0.3,0.03,divergence,C2c m-out-of-n cluster,0.906,0.013050976974924135,0.027192626999123403,0.0,1.0,0.4437753320016782
10,2,0.3,0.03,contrast,C2c m-out-of-n cluster,0.908,0.012925633446759966,0.02846449704169681,0.0,0.968,0.4437753320016782
10,2,0.7,0.0,divergence,C0 current,0.588,0.02201163328787757,0.0142108991842466,0.018,1.0,0.7735965839965502
10,2,0.7,0.0,contrast,C0 current,0.98,0.006260990336999414,0.024399025508826503,0.0,0.02,0.7735965839965502
10,2,0.7,0.0,divergence,C1 cluster pct,0.904,0.013174520864152895,0.03036508701965213,0.0,1.0,0.5259727500015288
10,2,0.7,0.0,contrast,C1 cluster pct,0.866,0.015234434679370286,0.017762035132199525,0.0,0.134,0.5259727500015288
10,2,0.7,0.0,divergence,C2a simult. cluster max-|t|,0.922,0.01199299795714149,0.03374623770379982,0.0,1.0,0.6184110820031492
10,2,0.7,0.0,contrast,C2a simult. cluster max-|t|,0.916,0.012405160216619531,0.021060436819360283,0.0,0.084,0.6184110820031492
10,2,0.7,0.0,divergence,C2b simult. Bonferroni-t,0.972,0.0073778045514909145,0.0451205363615416,0.0,1.0,0.0018960840025101788
10,2,0.7,0.0,contrast,C2b simult. Bonferroni-t,0.974,0.007116740827092135,0.027378851397310784,0.0,0.026,0.0018960840025101788
10,2,0.7,0.0,divergence,C2c m-out-of-n cluster,0.894,0.013766916866168691,0.030268227010145348,0.0,1.0,0.44387116599682486
10,2,0.7,0.0,contrast,C2c m-out-of-n cluster,0.878,0.014636666287102402,0.017602190634220038,0.0,0.122,0.44387116599682486
10,2,0.7,0.01,divergence,C0 current,0.532,0.022314838112789434,0.014692687999619604,0.214,1.0,0.7723228339964407
10,2,0.7,0.01,contrast,C0 current,0.938,0.010784804124322337,0.02502013085584535,0.016,0.076,0.7723228339964407
10,2,0.7,0.01,divergence,C1 cluster pct,0.906,0.013050976974924135,0.031430579725652934,0.0,1.0,0.5300641659996472
10,2,0.7,0.01,contrast,C1 cluster pct,0.912,0.012669333052690657,0.01843176220357418,0.0,0.588,0.5300641659996472
10,2,0.7,0.01,divergence,C2a simult. cluster max-|t|,0.924,0.01185107590052481,0.03435449807921931,0.0,1.0,0.6226380000007339
10,2,0.7,0.01,contrast,C2a simult. cluster max-|t|,0.948,0.009929350431926557,0.021064207378641592,0.0,0.488,0.6226380000007339
10,2,0.7,0.01,divergence,C2b simult. Bonferroni-t,0.97,0.007628892449104264,0.046141689982986664,0.0,1.0,0.003112418002274353
10,2,0.7,0.01,contrast,C2b simult. Bonferroni-t,0.988,0.004869496893930627,0.027346263108410068,0.0,0.29,0.003112418002274353
10,2,0.7,0.01,divergence,C2c m-out-of-n cluster,0.902,0.013296315279053816,0.03120207217797537,0.0,1.0,0.43556900000112364
10,2,0.7,0.01,contrast,C2c m-out-of-n cluster,0.876,0.014739335127474372,0.01812197424466477,0.0,0.538,0.43556900000112364
10,2,0.7,0.03,divergence,C0 current,0.218,0.018464885594013304,0.016108654759492247,0.998,1.0,0.7716593340010149
10,2,0.7,0.03,contrast,C0 current,0.342,0.021214900423994452,0.02570569789420108,0.782,0.67,0.7716593340010149
10,2,0.7,0.03,divergence,C1 cluster pct,0.898,0.013534843922262271,0.031174246518313884,0.0,1.0,0.5260409179973067
10,2,0.7,0.03,contrast,C1 cluster pct,0.898,0.013534843922262271,0.018570222122967245,0.0,1.0,0.5260409179973067
10,2,0.7,0.03,divergence,C2a simult. cluster max-|t|,0.912,0.012669333052690657,0.033945070481946546,0.0,1.0,0.6146914159980952
10,2,0.7,0.03,contrast,C2a simult. cluster max-|t|,0.918,0.012269963325128561,0.02080524288229941,0.0,1.0,0.6146914159980952
10,2,0.7,0.03,divergence,C2b simult. Bonferroni-t,0.968,0.007870959280799264,0.045378826539285884,0.0,1.0,0.0012728340007015504
10,2,0.7,0.03,contrast,C2b simult. Bonferroni-t,0.978,0.006559878047646925,0.02703407683524608,0.0,0.996,0.0012728340007015504
10,2,0.7,0.03,divergence,C2c m-out-of-n cluster,0.886,0.014212951839783317,0.030996955826363012,0.0,1.0,0.4367476679981337
10,2,0.7,0.03,contrast,C2c m-out-of-n cluster,0.88,0.014532721699667961,0.018440118990445224,0.0,1.0,0.4367476679981337
10,3,0.0,0.0,divergence,C0 current,0.912,0.012669333052690657,0.012289314455606838,0.342,1.0,0.9977600000056555
10,3,0.0,0.0,contrast,C0 current,0.874,0.01484075469779081,0.023869764137563716,0.04,0.126,0.9977600000056555
10,3,0.0,0.0,divergence,C1 cluster pct,0.664,0.02112363605064242,0.020534777575731276,0.0,1.0,0.5062663339995197
10,3,0.0,0.0,contrast,C1 cluster pct,0.766,0.01893377933746984,0.031686353188753125,0.0,0.234,0.5062663339995197
10,3,0.0,0.0,divergence,C2a simult. cluster max-|t|,0.934,0.01110351295761841,0.02965596016684365,0.0,1.0,0.6425082479981938
10,3,0.0,0.0,contrast,C2a simult. cluster max-|t|,0.922,0.01199299795714149,0.04069806664659764,0.0,0.078,0.6425082479981938
10,3,0.0,0.0,divergence,C2b simult. Bonferroni-t,0.98,0.006260990336999414,0.039094113659690836,0.0,1.0,0.0015683339952374808
10,3,0.0,0.0,contrast,C2b simult. Bonferroni-t,0.97,0.007628892449104264,0.05470819945633501,0.0,0.03,0.0015683339952374808
10,3,0.0,0.0,divergence,C2c m-out-of-n cluster,0.9,0.013416407864998736,0.01988623293821528,0.0,1.0,0.42443983200064395
10,3,0.0,0.0,contrast,C2c m-out-of-n cluster,0.89,0.013992855319769442,0.031230694603819786,0.0,0.11,0.42443983200064395
10,3,0.0,0.01,divergence,C0 current,0.456,0.022273930950777416,0.012295916281953628,0.598,1.0,1.007334168003581
10,3,0.0,0.01,contrast,C0 current,0.76,0.019099738218101316,0.024204426179079953,0.17,0.162,1.007334168003581
10,3,0.0,0.01,divergence,C1 cluster pct,0.908,0.012925633446759966,0.0206501389041543,0.0,1.0,0.5061763340054313
10,3,0.0,0.01,contrast,C1 cluster pct,0.91,0.012798437404620923,0.0322016921646893,0.0,0.376,0.5061763340054313
10,3,0.0,0.01,divergence,C2a simult. cluster max-|t|,0.966,0.008104813384649892,0.028695866420000677,0.0,1.0,0.6455325840070145
10,3,0.0,0.01,contrast,C2a simult. cluster max-|t|,0.96,0.008763560920082661,0.04048430529644993,0.0,0.184,0.6455325840070145
10,3,0.0,0.01,divergence,C2b simult. Bonferroni-t,0.988,0.004869496893930627,0.03787093774685161,0.0,1.0,0.0017171679937746376
10,3,0.0,0.01,contrast,C2b simult. Bonferroni-t,0.99,0.0044497190922574,0.054473689692761534,0.0,0.07,0.0017171679937746376
10,3,0.0,0.01,divergence,C2c m-out-of-n cluster,0.82,0.017181385275931625,0.019822588605459483,0.0,1.0,0.41246725000382867
10,3,0.0,0.01,contrast,C2c m-out-of-n cluster,0.884,0.014320893826853127,0.03162059276340499,0.0,0.242,0.41246725000382867
10,3,0.0,0.03,divergence,C0 current,0.0,0.0,0.013534781073845094,0.994,1.0,1.0109614159955527
10,3,0.0,0.03,contrast,C0 current,0.132,0.01513776733867977,0.024677008809623376,0.92,0.374,1.0109614159955527
10,3,0.0,0.03,divergence,C1 cluster pct,0.89,0.013992855319769442,0.023785786853730676,0.0,1.0,0.5060529999973369
10,3,0.0,0.03,contrast,C1 cluster pct,0.886,0.014212951839783317,0.03399352566301823,0.0,0.902,0.5060529999973369
10,3,0.0,0.03,divergence,C2a simult. cluster max-|t|,0.936,0.01094568408095172,0.029227300032586057,0.0,1.0,0.6367788339994149
10,3,0.0,0.03,contrast,C2a simult. cluster max-|t|,0.936,0.01094568408095172,0.04064094674174143,0.0,0.81,0.6367788339994149
10,3,0.0,0.03,divergence,C2b simult. Bonferroni-t,0.974,0.007116740827092135,0.038698194768173495,0.0,1.0,0.0015908319983282126
10,3,0.0,0.03,contrast,C2b simult. Bonferroni-t,0.982,0.005945754788082,0.0545729509015013,0.0,0.578,0.0015908319983282126
10,3,0.0,0.03,divergence,C2c m-out-of-n cluster,0.852,0.015880554146502572,0.023090589168540808,0.0,1.0,0.41882758399879094
10,3,0.0,0.03,contrast,C2c m-out-of-n cluster,0.886,0.014212951839783317,0.03342313028265899,0.0,0.892,0.41882758399879094
10,3,0.3,0.0,divergence,C0 current,0.696,0.020571047615520217,0.011954278864715576,0.294,1.0,1.0070726680060034
10,3,0.3,0.0,contrast,C0 current,0.92,0.012132600710482479,0.02383832820142153,0.02,0.08,1.0070726680060034
10,3,0.3,0.0,divergence,C1 cluster pct,0.82,0.017181385275931625,0.024948743424564598,0.0,1.0,0.5084053320024395
10,3,0.3,0.0,contrast,C1 cluster pct,0.782,0.018464885594013304,0.02620751313790679,0.0,0.218,0.5084053320024395
10,3,0.3,0.0,divergence,C2a simult. cluster max-|t|,0.94,0.010620734437881408,0.032255479627343694,0.0,1.0,0.6412475840043044
10,3,0.3,0.0,contrast,C2a simult. cluster max-|t|,0.926,0.011706750189527404,0.033477029433424704,0.0,0.074,0.6412475840043044
10,3,0.3,0.0,divergence,C2b simult. Bonferroni-t,0.982,0.005945754788082,0.04334382525028971,0.0,1.0,0.001612667998415418
10,3,0.3,0.0,contrast,C2b simult. Bonferroni-t,0.97,0.007628892449104264,0.045058269915697995,0.0,0.03,0.001612667998415418
10,3,0.3,0.0,divergence,C2c m-out-of-n cluster,0.896,0.013651666564928987,0.02456310813060067,0.0,1.0,0.4133450820008875
10,3,0.3,0.0,contrast,C2c m-out-of-n cluster,0.88,0.014532721699667961,0.02582421065015251,0.0,0.12,0.4133450820008875
10,3,0.3,0.01,divergence,C0 current,0.448,0.02223942445298439,0.012221613298542822,0.57,1.0,1.006135583993455
10,3,0.3,0.01,contrast,C0 current,0.786,0.01834142851579451,0.023917595530032223,0.148,0.102,1.006135583993455
10,3,0.3,0.01,divergence,C1 cluster pct,0.912,0.012669333052690657,0.025861080994457004,0.0,1.0,0.5074961659993278
10,3,0.3,0.01,contrast,C1 cluster pct,0.912,0.012669333052690657,0.026391694978624577,0.0,0.46,0.5074961659993278
10,3,0.3,0.01,divergence,C2a simult. cluster max-|t|,0.964,0.008331146379700699,0.03253634633517789,0.0,1.0,0.6410339159992873
10,3,0.3,0.01,contrast,C2a simult. cluster max-|t|,0.962,0.008550555537507495,0.03316259932801407,0.0,0.25,0.6410339159992873
10,3,0.3,0.01,divergence,C2b simult. Bonferroni-t,0.99,0.0044497190922574,0.04363539062164103,0.0,1.0,0.0014109160038060509
10,3,0.3,0.01,contrast,C2b simult. Bonferroni-t,0.99,0.0044497190922574,0.044564264269498,0.0,0.114,0.0014109160038060509
10,3,0.3,0.01,divergence,C2c m-out-of-n cluster,0.874,0.01484075469779081,0.025284649522515905,0.0,1.0,0.4199598339982913
10,3,0.3,0.01,contrast,C2c m-out-of-n cluster,0.858,0.01560999679692472,0.02586096544897486,0.0,0.318,0.4199598339982913
10,3,0.3,0.03,divergence,C0 current,0.014,0.00525433154644813,0.013499868343758183,0.996,1.0,1.1893021679934463
10,3,0.3,0.03,contrast,C0 current,0.104,0.013651666564928987,0.024714833846948774,0.958,0.34,1.1893021679934463
10,3,0.3,0.03,divergence,C1 cluster pct,0.906,0.013050976974924135,0.027751940625160933,0.0,1.0,0.5555137500050478
10,3,0.3,0.03,contrast,C1 cluster pct,0.89,0.013992855319769442,0.028177494612336155,0.0,0.966,0.5555137500050478
10,3,0.3,0.03,divergence,C2a simult. cluster max-|t|,0.948,0.009929350431926557,0.03297606713695845,0.0,1.0,0.7046810859974357
10,3,0.3,0.03,contrast,C2a simult. cluster max-|t|,0.926,0.011706750189527404,0.03357481739546588,0.0,0.914,0.7046810859974357
10,3,0.3,0.03,divergence,C2b simult. Bonferroni-t,0.982,0.005945754788082,0.04424216865952273,0.0,1.0,0.0030385840000235476
10,3,0.3,0.03,contrast,C2b simult. Bonferroni-t,0.972,0.0073778045514909145,0.045153463517420625,0.0,0.778,0.0030385840000235476
10,3,0.3,0.03,divergence,C2c m-out-of-n cluster,0.9,0.013416407864998736,0.027322779508220162,0.0,1.0,0.4606423340010224
10,3,0.3,0.03,contrast,C2c m-out-of-n cluster,0.896,0.013651666564928987,0.027923993565845243,0.0,0.962,0.4606423340010224
10,3,0.7,0.0,divergence,C0 current,0.532,0.022314838112789434,0.011892565767454436,0.084,1.0,1.104726916004438
10,3,0.7,0.0,contrast,C0 current,0.978,0.006559878047646925,0.02358705168992806,0.002,0.022,1.104726916004438
10,3,0.7,0.0,divergence,C1 cluster pct,0.86,0.01551773179301666,0.03126825752183795,0.0,1.0,0.5108592499964288
10,3,0.7,0.0,contrast,C1 cluster pct,0.81,0.01754422982065613,0.01754089601784944,0.0,0.19,0.5108592499964288
10,3,0.7,0.0,divergence,C2a simult. cluster max-|t|,0.918,0.012269963325128561,0.03618409439996711,0.0,1.0,0.650061251995794
10,3,0.7,0.0,contrast,C2a simult. cluster max-|t|,0.922,0.01199299795714149,0.022319132059256005,0.0,0.078,0.650061251995794
10,3,0.7,0.0,divergence,C2b simult. Bonferroni-t,0.982,0.005945754788082,0.05104901074300169,0.0,1.0,0.00247424999543
10,3,0.7,0.0,contrast,C2b simult. Bonferroni-t,0.978,0.006559878047646925,0.030060461131540994,0.0,0.022,0.00247424999543
10,3,0.7,0.0,divergence,C2c m-out-of-n cluster,0.902,0.013296315279053816,0.0310774399777492,0.0,1.0,0.41893091599922627
10,3,0.7,0.0,contrast,C2c m-out-of-n cluster,0.87,0.015039946808416579,0.01725729940986619,0.0,0.13,0.41893091599922627
10,3,0.7,0.01,divergence,C0 current,0.39,0.02181284025522582,0.011774824484776562,0.594,1.0,1.0148513320018537
10,3,0.7,0.01,contrast,C0 current,0.84,0.01639512122553536,0.02309252591596992,0.08,0.042,1.0148513320018537
10,3,0.7,0.01,divergence,C1 cluster pct,0.89,0.013992855319769442,0.030589238966256378,0.0,1.0,0.5162825840016012
10,3,0.7,0.01,contrast,C1 cluster pct,0.9,0.013416407864998736,0.018049764826893806,0.0,0.584,0.5162825840016012
10,3,0.7,0.01,divergence,C2a simult. cluster max-|t|,0.926,0.011706750189527404,0.03506579973733013,0.0,1.0,0.6752813339990098
10,3,0.7,0.01,contrast,C2a simult. cluster max-|t|,0.952,0.009559916317625384,0.022258208693233996,0.0,0.416,0.6752813339990098
10,3,0.7,0.01,divergence,C2b simult. Bonferroni-t,0.986,0.0052543315464481325,0.04939202093306877,0.0,1.0,0.0024626660015201196
10,3,0.7,0.01,contrast,C2b simult. Bonferroni-t,0.984,0.00561141693336006,0.029874405667230774,0.0,0.22,0.0024626660015201196
10,3,0.7,0.01,divergence,C2c m-out-of-n cluster,0.882,0.014427473791346842,0.030416544082336662,0.0,1.0,0.42469224999513244
10,3,0.7,0.01,contrast,C2c m-out-of-n cluster,0.846,0.016142118820031033,0.017669043723510476,0.0,0.51,0.42469224999513244
10,3,0.7,0.03,divergence,C0 current,0.046,0.00936845771725528,0.013152376399822864,1.0,1.0,1.0040093320058077
10,3,0.7,0.03,contrast,C0 current,0.056,0.010282412168358162,0.023974822226889878,0.984,0.34,1.0040093320058077
10,3,0.7,0.03,divergence,C1 cluster pct,0.904,0.013174520864152895,0.03195451428443193,0.0,1.0,0.510676665995561
10,3,0.7,0.03,contrast,C1 cluster pct,0.898,0.013534843922262271,0.018726563485711813,0.0,1.0,0.510676665995561
10,3,0.7,0.03,divergence,C2a simult. cluster max-|t|,0.95,0.00974679434480897,0.036199596367842736,0.0,1.0,0.643525833991589
10,3,0.7,0.03,contrast,C2a simult. cluster max-|t|,0.946,0.010107818755794947,0.022180377392798788,0.0,1.0,0.643525833991589
10,3,0.7,0.03,divergence,C2b simult. Bonferroni-t,0.99,0.0044497190922574,0.05089604104011182,0.0,1.0,0.001778416000888683
10,3,0.7,0.03,contrast,C2b simult. Bonferroni-t,0.99,0.0044497190922574,0.029887389850730358,0.0,0.982,0.001778416000888683
10,3,0.7,0.03,divergence,C2c m-out-of-n cluster,0.912,0.012669333052690657,0.031887627791422395,0.0,1.0,0.41268475000106264
10,3,0.7,0.03,contrast,C2c m-out-of-n cluster,0.904,0.013174520864152895,0.018679112369341843,0.0,1.0,0.41268475000106264
20,1,0.0,0.0,divergence,C0 current,0.87,0.015039946808416579,0.014679053218642425,0.0,1.0,1.0694483339975704
20,1,0.0,0.0,contrast,C0 current,0.882,0.014427473791346842,0.021010276400367935,0.0,0.118,1.0694483339975704
20,1,0.0,0.0,divergence,C1 cluster pct,0.932,0.01125841907196565,0.017563213360309596,0.0,1.0,1.0177582500036806
20,1,0.0,0.0,contrast,C1 cluster pct,0.928,0.0115599307956406,0.0251411452434957,0.0,0.072,1.0177582500036806
20,1,0.0,0.0,divergence,C2a simult. cluster max-|t|,0.936,0.01094568408095172,0.017601298699064516,0.0,1.0,1.0250232479957049
20,1,0.0,0.0,contrast,C2a simult. cluster max-|t|,0.932,0.01125841907196565,0.025205239369286484,0.0,0.068,1.0250232479957049
20,1,0.0,0.0,divergence,C2b simult. Bonferroni-t,0.964,0.008331146379700699,0.019377668040345086,0.0,1.0,0.00209241799893789
20,1,0.0,0.0,contrast,C2b simult. Bonferroni-t,0.954,0.009368457717255283,0.027677867984714374,0.0,0.046,0.00209241799893789
20,1,0.0,0.0,divergence,C2c m-out-of-n cluster,0.94,0.010620734437881408,0.017543026022886495,0.0,1.0,0.7143025000041234
20,1,0.0,0.0,contrast,C2c m-out-of-n cluster,0.922,0.01199299795714149,0.025080835308385677,0.0,0.078,0.7143025000041234
20,1,0.0,0.01,divergence,C0 current,0.876,0.014739335127474372,0.014774644393500387,0.0,1.0,1.0204244999986258
20,1,0.0,0.01,contrast,C0 current,0.906,0.013050976974924135,0.02097595688685643,0.0,0.46,1.0204244999986258
20,1,0.0,0.01,divergence,C1 cluster pct,0.922,0.01199299795714149,0.017581028296798466,0.0,1.0,0.9996930839988636
20,1,0.0,0.01,contrast,C1 cluster pct,0.926,0.011706750189527404,0.024859223765134806,0.0,0.342,0.9996930839988636
20,1,0.0,0.01,divergence,C2a simult. cluster max-|t|,0.92,0.012132600710482479,0.01763396125234244,0.0,1.0,1.007231668001623
20,1,0.0,0.01,contrast,C2a simult. cluster max-|t|,0.924,0.01185107590052481,0.024902104376849678,0.0,0.344,1.007231668001623
20,1,0.0,0.01,divergence,C2b simult. Bonferroni-t,0.954,0.009368457717255283,0.019381902553256707,0.0,1.0,0.001188583999464754
20,1,0.0,0.01,contrast,C2b simult. Bonferroni-t,0.962,0.008550555537507495,0.027420527601112687,0.0,0.294,0.001188583999464754
20,1,0.0,0.01,divergence,C2c m-out-of-n cluster,0.932,0.01125841907196565,0.017529009286515945,0.0,1.0,0.7178813319987967
20,1,0.0,0.01,contrast,C2c m-out-of-n cluster,0.93,0.011410521460476728,0.024856378535347865,0.0,0.328,0.7178813319987967
20,1,0.0,0.03,divergence,C0 current,0.86,0.01551773179301666,0.014909261173792354,0.0,1.0,1.0136414160006098
20,1,0.0,0.03,contrast,C0 current,0.878,0.014636666287102402,0.021080310900316975,0.0,0.996,1.0136414160006098
20,1,0.0,0.03,divergence,C1 cluster pct,0.918,0.012269963325128561,0.017881937529146668,0.0,1.0,1.135530084000493
20,1,0.0,0.03,contrast,C1 cluster pct,0.914,0.01253826144248077,0.025245038661360738,0.0,0.988,1.135530084000493
20,1,0.0,0.03,divergence,C2a simult. cluster max-|t|,0.91,0.012798437404620923,0.017918248200497637,0.0,1.0,1.1434341679996578
20,1,0.0,0.03,contrast,C2a simult. cluster max-|t|,0.912,0.012669333052690657,0.025279753422907548,0.0,0.988,1.1434341679996578
20,1,0.0,0.03,divergence,C2b simult. Bonferroni-t,0.942,0.010453324829928518,0.01972906537066756,0.0,1.0,0.0013498339976649731
20,1,0.0,0.03,contrast,C2b simult. Bonferroni-t,0.942,0.010453324829928518,0.02781554041648773,0.0,0.986,0.0013498339976649731
20,1,0.0,0.03,divergence,C2c m-out-of-n cluster,0.912,0.012669333052690657,0.01788972629639652,0.0,1.0,0.7094348339960561
20,1,0.0,0.03,contrast,C2c m-out-of-n cluster,0.908,0.012925633446759966,0.025161231567595792,0.0,0.99,0.7094348339960561
20,1,0.3,0.0,divergence,C0 current,0.82,0.017181385275931625,0.014617844648199877,0.0,1.0,0.9810645820034551
20,1,0.3,0.0,contrast,C0 current,0.928,0.0115599307956406,0.020835671817437222,0.0,0.072,0.9810645820034551
20,1,0.3,0.0,divergence,C1 cluster pct,0.932,0.01125841907196565,0.02000061154142022,0.0,1.0,0.9794945000030566
20,1,0.3,0.0,contrast,C1 cluster pct,0.928,0.0115599307956406,0.021139404016733167,0.0,0.072,0.9794945000030566
20,1,0.3,0.0,divergence,C2a simult. cluster max-|t|,0.932,0.01125841907196565,0.020035657879567445,0.0,1.0,0.9862472500026342
20,1,0.3,0.0,contrast,C2a simult. cluster max-|t|,0.924,0.01185107590052481,0.0211792550521347,0.0,0.076,0.9862472500026342
20,1,0.3,0.0,divergence,C2b simult. Bonferroni-t,0.954,0.009368457717255283,0.02210250377111642,0.0,1.0,0.0007785000052535906
20,1,0.3,0.0,contrast,C2b simult. Bonferroni-t,0.952,0.009559916317625384,0.023282016398404225,0.0,0.048,0.0007785000052535906
20,1,0.3,0.0,divergence,C2c m-out-of-n cluster,0.924,0.01185107590052481,0.0200397520348465,0.0,1.0,0.7033283340060734
20,1,0.3,0.0,contrast,C2c m-out-of-n cluster,0.924,0.01185107590052481,0.0210624294457797,0.0,0.076,0.7033283340060734
20,1,0.3,0.01,divergence,C0 current,0.846,0.016142118820031033,0.014860199571218917,0.0,1.0,0.9856585820016335
20,1,0.3,0.01,contrast,C0 current,0.948,0.009929350431926557,0.020992264091685527,0.0,0.468,0.9856585820016335
20,1,0.3,0.01,divergence,C1 cluster pct,0.922,0.01199299795714149,0.020574915811419486,0.0,1.0,0.9771742500015534
20,1,0.3,0.01,contrast,C1 cluster pct,0.934,0.01110351295761841,0.02120361512377858,0.0,0.48,0.9771742500015534
20,1,0.3,0.01,divergence,C2a simult. cluster max-|t|,0.92,0.012132600710482479,0.020609863567716807,0.0,1.0,0.9836706679998315
20,1,0.3,0.01,contrast,C2a simult. cluster max-|t|,0.938,0.010784804124322337,0.02124178930072668,0.0,0.478,0.9836706679998315
20,1,0.3,0.01,divergence,C2b simult. Bonferroni-t,0.938,0.010784804124322337,0.022661611267504562,0.0,1.0,0.0016190000023925677
20,1,0.3,0.01,contrast,C2b simult. Bonferroni-t,0.958,0.00897061870775924,0.023305601130502604,0.0,0.422,0.0016190000023925677
20,1,0.3,0.01,divergence,C2c m-out-of-n cluster,0.918,0.012269963325128561,0.0205374099423761,0.0,1.0,0.692182333994424
20,1,0.3,0.01,contrast,C2c m-out-of-n cluster,0.934,0.01110351295761841,0.02109677138897409,0.0,0.482,0.692182333994424
20,1,0.3,0.03,divergence,C0 current,0.776,0.018645321128905233,0.01472739849269091,0.0,1.0,1.008151000001817
20,1,0.3,0.03,contrast,C0 current,0.936,0.01094568408095172,0.020822507908904414,0.0,1.0,1.008151000001817
20,1,0.3,0.03,divergence,C1 cluster pct,0.904,0.013174520864152895,0.020130141684412954,0.0,1.0,0.9863279999990482
20,1,0.3,0.03,contrast,C1 cluster pct,0.934,0.01110351295761841,0.020872972759604452,0.0,0.998,0.9863279999990482
20,1,0.3,0.03,divergence,C2a simult. cluster max-|t|,0.91,0.012798437404620923,0.020151822911911765,0.0,1.0,0.9952068320053513
20,1,0.3,0.03,contrast,C2a simult. cluster max-|t|,0.94,0.010620734437881408,0.02092321687347632,0.0,1.0,0.9952068320053513
20,1,0.3,0.03,divergence,C2b simult. Bonferroni-t,0.93,0.011410521460476728,0.02218226639278234,0.0,1.0,0.0007836660006432794
20,1,0.3,0.03,contrast,C2b simult. Bonferroni-t,0.96,0.008763560920082661,0.023064781778509652,0.0,1.0,0.0007836660006432794
20,1,0.3,0.03,divergence,C2c m-out-of-n cluster,0.906,0.013050976974924135,0.020095459321819525,0.0,1.0,0.7011215839957003
20,1,0.3,0.03,contrast,C2c m-out-of-n cluster,0.94,0.010620734437881408,0.020831969828804617,0.0,1.0,0.7011215839957003
20,1,0.7,0.0,divergence,C0 current,0.77,0.018820201911775546,0.014629901453558391,0.0,1.0,1.1122325820033439
20,1,0.7,0.0,contrast,C0 current,0.99,0.0044497190922574,0.02075903177754368,0.0,0.01,1.1122325820033439
20,1,0.7,0.0,divergence,C1 cluster pct,0.954,0.009368457717255283,0.023197759087383744,0.0,1.0,0.9914853320005932
20,1,0.7,0.0,contrast,C1 cluster pct,0.934,0.01110351295761841,0.013798285675793885,0.0,0.066,0.9914853320005932
20,1,0.7,0.0,divergence,C2a simult. cluster max-|t|,0.952,0.009559916317625384,0.02323687227272499,0.0,1.0,0.998133749999397
20,1,0.7,0.0,contrast,C2a simult. cluster max-|t|,0.932,0.01125841907196565,0.013840023431991946,0.0,0.068,0.998133749999397
20,1,0.7,0.0,divergence,C2b simult. Bonferroni-t,0.962,0.008550555537507495,0.025540812618429498,0.0,1.0,0.001960915993549861
20,1,0.7,0.0,contrast,C2b simult. Bonferroni-t,0.956,0.009172131704244116,0.015202017460928202,0.0,0.044,0.001960915993549861
20,1,0.7,0.0,divergence,C2c m-out-of-n cluster,0.946,0.010107818755794947,0.02314080942904416,0.0,1.0,0.7205695000011474
20,1,0.7,0.0,contrast,C2c m-out-of-n cluster,0.934,0.01110351295761841,0.013766488969172415,0.0,0.066,0.7205695000011474
20,1,0.7,0.01,divergence,C0 current,0.738,0.01966499427917537,0.014643144219549365,0.0,1.0,1.022721665998688
20,1,0.7,0.01,contrast,C0 current,0.99,0.0044497190922574,0.020704490283403147,0.0,0.452,1.022721665998688
20,1,0.7,0.01,divergence,C1 cluster pct,0.928,0.0115599307956406,0.023136043056845666,0.0,1.0,1.1108473340063938
20,1,0.7,0.01,contrast,C1 cluster pct,0.928,0.0115599307956406,0.01376245199292898,0.0,0.79,1.1108473340063938
20,1,0.7,0.01,divergence,C2a simult. cluster max-|t|,0.932,0.01125841907196565,0.023186917676968555,0.0,1.0,1.1315187500003958
20,1,0.7,0.01,contrast,C2a simult. cluster max-|t|,0.932,0.01125841907196565,0.013791626019948818,0.0,0.786,1.1315187500003958
20,1,0.7,0.01,divergence,C2b simult. Bonferroni-t,0.958,0.00897061870775924,0.02551088359914939,0.0,1.0,0.0008752499998081475
20,1,0.7,0.01,contrast,C2b simult. Bonferroni-t,0.96,0.008763560920082661,0.015153940471516638,0.0,0.714,0.0008752499998081475
20,1,0.7,0.01,divergence,C2c m-out-of-n cluster,0.926,0.011706750189527404,0.023127399828219458,0.0,1.0,0.8157652500012773
20,1,0.7,0.01,contrast,C2c m-out-of-n cluster,0.928,0.0115599307956406,0.013734104093372234,0.0,0.792,0.8157652500012773
20,1,0.7,0.03,divergence,C0 current,0.764,0.018989681408596616,0.014652188012904247,0.0,1.0,1.1164461660009692
20,1,0.7,0.03,contrast,C0 current,0.996,0.002822764602300377,0.02068564562902569,0.0,1.0,1.1164461660009692
20,1,0.7,0.03,divergence,C1 cluster pct,0.928,0.0115599307956406,0.023162219964712853,0.0,1.0,1.0330700839986093
20,1,0.7,0.03,contrast,C1 cluster pct,0.92,0.012132600710482479,0.013817866981774566,0.0,1.0,1.0330700839986093
20,1,0.7,0.03,divergence,C2a simult. cluster max-|t|,0.93,0.011410521460476728,0.02320356134761123,0.0,1.0,1.044003499999235
20,1,0.7,0.03,contrast,C2a simult. cluster max-|t|,0.916,0.012405160216619531,0.013835789723814355,0.0,1.0,1.044003499999235
20,1,0.7,0.03,divergence,C2b simult. Bonferroni-t,0.95,0.00974679434480897,0.025527965668541257,0.0,1.0,0.0013397500006249174
20,1,0.7,0.03,contrast,C2b simult. Bonferroni-t,0.94,0.010620734437881408,0.015201386114659645,0.0,1.0,0.0013397500006249174
20,1,0.7,0.03,divergence,C2c m-out-of-n cluster,0.926,0.011706750189527404,0.023100114562284047,0.0,1.0,0.787573332003376
20,1,0.7,0.03,contrast,C2c m-out-of-n cluster,0.914,0.01253826144248077,0.0137282790303132,0.0,1.0,0.787573332003376
20,2,0.0,0.0,divergence,C0 current,0.904,0.013174520864152895,0.010659846368377633,0.134,1.0,1.5393459999977495
20,2,0.0,0.0,contrast,C0 current,0.896,0.013651666564928987,0.018360016440231733,0.008,0.104,1.5393459999977495
20,2,0.0,0.0,divergence,C1 cluster pct,0.854,0.015791390059142988,0.015932193326950072,0.0,1.0,1.0508883319998858
20,2,0.0,0.0,contrast,C1 cluster pct,0.908,0.012925633446759966,0.024102648144960402,0.0,0.092,1.0508883319998858
20,2,0.0,0.0,divergence,C2a simult. cluster max-|t|,0.95,0.00974679434480897,0.02048120377600147,0.0,1.0,1.1468504980002763
20,2,0.0,0.0,contrast,C2a simult. cluster max-|t|,0.96,0.008763560920082661,0.02871513598129119,0.0,0.04,1.1468504980002763
20,2,0.0,0.0,divergence,C2b simult. Bonferroni-t,0.972,0.0073778045514909145,0.023004905653074566,0.0,1.0,0.004490749997785315
20,2,0.0,0.0,contrast,C2b simult. Bonferroni-t,0.972,0.0073778045514909145,0.03265339198365882,0.0,0.028,0.004490749997785315
20,2,0.0,0.0,divergence,C2c m-out-of-n cluster,0.916,0.012405160216619531,0.015425874453591148,0.0,1.0,0.7674000839979271
20,2,0.0,0.0,contrast,C2c m-out-of-n cluster,0.928,0.0115599307956406,0.023779466332595412,0.0,0.072,0.7674000839979271
20,2,0.0,0.01,divergence,C0 current,0.548,0.02225740326273485,0.010734994951718193,0.464,1.0,1.5117553339950973
20,2,0.0,0.01,contrast,C0 current,0.74,0.019616319736382767,0.01821785985365124,0.11,0.246,1.5117553339950973
20,2,0.0,0.01,divergence,C1 cluster pct,0.942,0.010453324829928518,0.016591448715329173,0.0,1.0,1.0926326679982594
20,2,0.0,0.01,contrast,C1 cluster pct,0.926,0.011706750189527404,0.024131091500073674,0.0,0.42,1.0926326679982594
20,2,0.0,0.01,divergence,C2a simult. cluster max-|t|,0.96,0.008763560920082661,0.020197227810981436,0.0,1.0,1.191804834001232
20,2,0.0,0.01,contrast,C2a simult. cluster max-|t|,0.96,0.008763560920082661,0.028113240322990795,0.0,0.294,1.191804834001232
20,2,0.0,0.01,divergence,C2b simult. Bonferroni-t,0.984,0.00561141693336006,0.02268689727535733,0.0,1.0,0.0028846659988630563
20,2,0.0,0.01,contrast,C2b simult. Bonferroni-t,0.978,0.006559878047646925,0.03194365100385587,0.0,0.202,0.0028846659988630563
20,2,0.0,0.01,divergence,C2c m-out-of-n cluster,0.864,0.01532997064576446,0.015941090066832513,0.0,1.0,0.7681809179994161
20,2,0.0,0.01,contrast,C2c m-out-of-n cluster,0.882,0.014427473791346842,0.02368051355636997,0.0,0.362,0.7681809179994161
20,2,0.0,0.03,divergence,C0 current,0.0,0.0,0.011884960600398595,0.998,1.0,1.625497084001836
20,2,0.0,0.03,contrast,C0 current,0.164,0.0165592270351004,0.01901949395099497,0.952,0.84,1.625497084001836
20,2,0.0,0.03,divergence,C1 cluster pct,0.928,0.0115599307956406,0.01791560653373599,0.0,1.0,1.1382558319965028
20,2,0.0,0.03,contrast,C1 cluster pct,0.942,0.010453324829928518,0.025019330225139854,0.0,0.992,1.1382558319965028
20,2,0.0,0.03,divergence,C2a simult. cluster max-|t|,0.952,0.009559916317625384,0.02040759146885668,0.0,1.0,1.244900247991609
20,2,0.0,0.03,contrast,C2a simult. cluster max-|t|,0.962,0.008550555537507495,0.028230194569302175,0.0,0.978,1.244900247991609
20,2,0.0,0.03,divergence,C2b simult. Bonferroni-t,0.984,0.00561141693336006,0.02293349665157578,0.0,1.0,0.004572249999910127
20,2,0.0,0.03,contrast,C2b simult. Bonferroni-t,0.978,0.006559878047646925,0.03205332406956739,0.0,0.966,0.004572249999910127
20,2,0.0,0.03,divergence,C2c m-out-of-n cluster,0.92,0.012132600710482479,0.01769967046233654,0.0,1.0,0.8287423319998197
20,2,0.0,0.03,contrast,C2c m-out-of-n cluster,0.93,0.011410521460476728,0.024834037221994485,0.0,0.988,0.8287423319998197
20,2,0.3,0.0,divergence,C0 current,0.75,0.019364916731037084,0.010465847677431576,0.058,1.0,1.6223694180007442
20,2,0.3,0.0,contrast,C0 current,0.926,0.011706750189527404,0.01822129065146695,0.002,0.074,1.6223694180007442
20,2,0.3,0.0,divergence,C1 cluster pct,0.884,0.014320893826853127,0.019021592292189596,0.0,1.0,1.0898883340050816
20,2,0.3,0.0,contrast,C1 cluster pct,0.898,0.013534843922262271,0.019999303281307217,0.0,0.102,1.0898883340050816
20,2,0.3,0.0,divergence,C2a simult. cluster max-|t|,0.938,0.010784804124322337,0.02279290284810005,0.0,1.0,1.207379834006133
20,2,0.3,0.0,contrast,C2a simult. cluster max-|t|,0.96,0.008763560920082661,0.023800119521153122,0.0,0.04,1.207379834006133
20,2,0.3,0.0,divergence,C2b simult. Bonferroni-t,0.968,0.007870959280799264,0.025934805826058508,0.0,1.0,0.002264915994601324
20,2,0.3,0.0,contrast,C2b simult. Bonferroni-t,0.972,0.0073778045514909145,0.02712337626293325,0.0,0.028,0.002264915994601324
20,2,0.3,0.0,divergence,C2c m-out-of-n cluster,0.91,0.012798437404620923,0.018725257742899556,0.0,1.0,0.7693572499993024
20,2,0.3,0.0,contrast,C2c m-out-of-n cluster,0.92,0.012132600710482479,0.019774992371913377,0.0,0.08,0.7693572499993024
20,2,0.3,0.01,divergence,C0 current,0.496,0.022359964221796064,0.010684070611796007,0.458,1.0,1.4648046680013067
20,2,0.3,0.01,contrast,C0 current,0.772,0.018762515822778138,0.01830062482242771,0.068,0.184,1.4648046680013067
20,2,0.3,0.01,divergence,C1 cluster pct,0.928,0.0115599307956406,0.01974665110036731,0.0,1.0,1.0336020000031567
20,2,0.3,0.01,contrast,C1 cluster pct,0.95,0.00974679434480897,0.020526977436989544,0.0,0.482,1.0336020000031567
20,2,0.3,0.01,divergence,C2a simult. cluster max-|t|,0.966,0.008104813384649892,0.022926040619676378,0.0,1.0,1.1198524160063243
20,2,0.3,0.01,contrast,C2a simult. cluster max-|t|,0.97,0.007628892449104264,0.023746650191162365,0.0,0.356,1.1198524160063243
20,2,0.3,0.01,divergence,C2b simult. Bonferroni-t,0.988,0.004869496893930627,0.025883545896894924,0.0,1.0,0.0021460839998326264
20,2,0.3,0.01,contrast,C2b simult. Bonferroni-t,0.978,0.006559878047646925,0.027036701607918576,0.0,0.26,0.0021460839998326264
20,2,0.3,0.01,divergence,C2c m-out-of-n cluster,0.908,0.012925633446759966,0.019210033046372046,0.0,1.0,0.7631109180001658
20,2,0.3,0.01,contrast,C2c m-out-of-n cluster,0.924,0.01185107590052481,0.020209405995695755,0.0,0.418,0.7631109180001658
20,2,0.3,0.03,divergence,C0 current,0.018,0.005945754788081997,0.011840264881479236,1.0,1.0,1.4731387499996345
20,2,0.3,0.03,contrast,C0 current,0.13,0.015039946808416579,0.01889678903172743,0.974,0.858,1.4731387499996345
20,2,0.3,0.03,divergence,C1 cluster pct,0.928,0.0115599307956406,0.02032670848891139,0.0,1.0,1.0429434179968666
20,2,0.3,0.03,contrast,C1 cluster pct,0.906,0.013050976974924135,0.0208193547360599,0.0,0.996,1.0429434179968666
20,2,0.3,0.03,divergence,C2a simult. cluster max-|t|,0.948,0.009929350431926557,0.02295722072006616,0.0,1.0,1.1401169159944402
20,2,0.3,0.03,contrast,C2a simult. cluster max-|t|,0.948,0.009929350431926557,0.023531148624719094,0.0,0.994,1.1401169159944402
20,2,0.3,0.03,divergence,C2b simult. Bonferroni-t,0.982,0.005945754788082,0.026038940979579855,0.0,1.0,0.002455834001011681
20,2,0.3,0.03,contrast,C2b simult. Bonferroni-t,0.972,0.0073778045514909145,0.026697571943428686,0.0,0.994,0.002455834001011681
20,2,0.3,0.03,divergence,C2c m-out-of-n cluster,0.92,0.012132600710482479,0.020245188308415672,0.0,1.0,0.7887064160022419
20,2,0.3,0.03,contrast,C2c m-out-of-n cluster,0.908,0.012925633446759966,0.02077113631202738,0.0,1.0,0.7887064160022419
20,2,0.7,0.0,divergence,C0 current,0.606,0.021852414054287,0.01042628891064237,0.016,1.0,1.492564582003979
20,2,0.7,0.0,contrast,C0 current,0.994,0.0034536936748935927,0.018046176572263848,0.0,0.006,1.492564582003979
20,2,0.7,0.0,divergence,C1 cluster pct,0.926,0.011706750189527404,0.022793114136159417,0.0,1.0,1.2514151659997879
20,2,0.7,0.0,contrast,C1 cluster pct,0.894,0.013766916866168691,0.01289810964539647,0.0,0.106,1.2514151659997879
20,2,0.7,0.0,divergence,C2a simult. cluster max-|t|,0.948,0.009929350431926557,0.02532618137949989,0.0,1.0,1.3482478320001974
20,2,0.7,0.0,contrast,C2a simult. cluster max-|t|,0.954,0.009368457717255283,0.015366386059136275,0.0,0.046,1.3482478320001974
20,2,0.7,0.0,divergence,C2b simult. Bonferroni-t,0.97,0.007628892449104264,0.029688792294329587,0.0,1.0,0.0036741660005645826
20,2,0.7,0.0,contrast,C2b simult. Bonferroni-t,0.97,0.007628892449104264,0.017470838477497117,0.0,0.03,0.0036741660005645826
20,2,0.7,0.0,divergence,C2c m-out-of-n cluster,0.916,0.012405160216619531,0.02268750888707319,0.0,1.0,0.8577224999971804
20,2,0.7,0.0,contrast,C2c m-out-of-n cluster,0.914,0.01253826144248077,0.012760855572912164,0.0,0.086,0.8577224999971804
20,2,0.7,0.01,divergence,C0 current,0.488,0.022354238971613417,0.010571377723097462,0.432,1.0,1.7086379179963842
20,2,0.7,0.01,contrast,C0 current,0.878,0.014636666287102402,0.017994134765183908,0.028,0.104,1.7086379179963842
20,2,0.7,0.01,divergence,C1 cluster pct,0.902,0.013296315279053816,0.023215792088955637,0.0,1.0,1.1786941660029697
20,2,0.7,0.01,contrast,C1 cluster pct,0.91,0.012798437404620923,0.013735076012462375,0.0,0.798,1.1786941660029697
20,2,0.7,0.01,divergence,C2a simult. cluster max-|t|,0.938,0.010784804124322337,0.02545370310494101,0.0,1.0,1.271621916006552
20,2,0.7,0.01,contrast,C2a simult. cluster max-|t|,0.942,0.010453324829928518,0.015606089804686729,0.0,0.69,1.271621916006552
20,2,0.7,0.01,divergence,C2b simult. Bonferroni-t,0.982,0.005945754788082,0.02977743650345275,0.0,1.0,0.0023517500012530945
20,2,0.7,0.01,contrast,C2b simult. Bonferroni-t,0.968,0.007870959280799264,0.017704880413713667,0.0,0.594,0.0023517500012530945
20,2,0.7,0.01,divergence,C2c m-out-of-n cluster,0.9,0.013416407864998736,0.023003470647365413,0.0,1.0,0.8114626659953501
20,2,0.7,0.01,contrast,C2c m-out-of-n cluster,0.912,0.012669333052690657,0.013471045652941285,0.0,0.776,0.8114626659953501
20,2,0.7,0.03,divergence,C0 current,0.052,0.00992935043192655,0.011774566329249553,1.0,1.0,1.5111160000014934
20,2,0.7,0.03,contrast,C0 current,0.052,0.00992935043192655,0.01884700533813711,0.988,0.938,1.5111160000014934
20,2,0.7,0.03,divergence,C1 cluster pct,0.928,0.0115599307956406,0.023447489760071036,0.0,1.0,1.042888000003586
20,2,0.7,0.03,contrast,C1 cluster pct,0.9,0.013416407864998736,0.013811704728752375,0.0,1.0,1.042888000003586
20,2,0.7,0.03,divergence,C2a simult. cluster max-|t|,0.954,0.009368457717255283,0.02562974513275214,0.0,1.0,1.1284073339993483
20,2,0.7,0.03,contrast,C2a simult. cluster max-|t|,0.952,0.009559916317625384,0.015565675029775544,0.0,1.0,1.1284073339993483
20,2,0.7,0.03,divergence,C2b simult. Bonferroni-t,0.978,0.006559878047646925,0.030055801034879957,0.0,1.0,0.003702750000229571
20,2,0.7,0.03,contrast,C2b simult. Bonferroni-t,0.98,0.006260990336999414,0.0177320403474723,0.0,1.0,0.003702750000229571
20,2,0.7,0.03,divergence,C2c m-out-of-n cluster,0.922,0.01199299795714149,0.023378609589977572,0.0,1.0,0.7999281660013366
20,2,0.7,0.03,contrast,C2c m-out-of-n cluster,0.906,0.013050976974924135,0.013827222755891171,0.0,1.0,0.7999281660013366
20,3,0.0,0.0,divergence,C0 current,0.882,0.014427473791346842,0.008644202679440095,0.378,1.0,2.048002584000642
20,3,0.0,0.0,contrast,C0 current,0.902,0.013296315279053816,0.01730707735451892,0.03,0.098,2.048002584000642
20,3,0.0,0.0,divergence,C1 cluster pct,0.688,0.020719845559269985,0.014754711685329673,0.0,1.0,1.038902082000277
20,3,0.0,0.0,contrast,C1 cluster pct,0.88,0.014532721699667961,0.023247942159324884,0.0,0.12,1.038902082000277
20,3,0.0,0.0,divergence,C2a simult. cluster max-|t|,0.944,0.010282412168358165,0.02148365739491291,0.0,1.0,1.2036940819962183
20,3,0.0,0.0,contrast,C2a simult. cluster max-|t|,0.964,0.008331146379700699,0.030096075138228658,0.0,0.036,1.2036940819962183
20,3,0.0,0.0,divergence,C2b simult. Bonferroni-t,0.972,0.0073778045514909145,0.024428104050962424,0.0,1.0,0.0022233319978113286
20,3,0.0,0.0,contrast,C2b simult. Bonferroni-t,0.988,0.004869496893930627,0.03484099684052157,0.0,0.012,0.0022233319978113286
20,3,0.0,0.0,divergence,C2c m-out-of-n cluster,0.882,0.014427473791346842,0.01417564156061285,0.0,1.0,0.7030959999974584
20,3,0.0,0.0,contrast,C2c m-out-of-n cluster,0.924,0.01185107590052481,0.022863467884152867,0.0,0.076,0.7030959999974584
20,3,0.0,0.01,divergence,C0 current,0.196,0.01775297158224504,0.008818325353820206,0.746,1.0,1.9229356680007186
20,3,0.0,0.01,contrast,C0 current,0.636,0.02151762068631195,0.01730836225411434,0.264,0.198,1.9229356680007186
20,3,0.0,0.01,divergence,C1 cluster pct,0.968,0.007870959280799264,0.01606389266699552,0.0,1.0,0.980088832002366
20,3,0.0,0.01,contrast,C1 cluster pct,0.948,0.009929350431926557,0.024043522379547353,0.0,0.454,0.980088832002366
20,3,0.0,0.01,divergence,C2a simult. cluster max-|t|,0.992,0.003983967871356396,0.021861360721505477,0.0,1.0,1.1056741659995168
20,3,0.0,0.01,contrast,C2a simult. cluster max-|t|,0.97,0.007628892449104264,0.03020347126904156,0.0,0.236,1.1056741659995168
20,3,0.0,0.01,divergence,C2b simult. Bonferroni-t,0.998,0.001997998998998749,0.024874685087888957,0.0,1.0,0.002321918000234291
20,3,0.0,0.01,contrast,C2b simult. Bonferroni-t,0.988,0.004869496893930627,0.03502578891108035,0.0,0.154,0.002321918000234291
20,3,0.0,0.01,divergence,C2c m-out-of-n cluster,0.83,0.016798809481626965,0.015210942843098917,0.0,1.0,0.7114908339935937
20,3,0.0,0.01,contrast,C2c m-out-of-n cluster,0.912,0.012669333052690657,0.023487037654766247,0.0,0.33,0.7114908339935937
20,3,0.0,0.03,divergence,C0 current,0.0,0.0,0.00956753805789355,0.998,1.0,2.194100749999052
20,3,0.0,0.03,contrast,C0 current,0.018,0.005945754788081997,0.017744854431755868,0.998,0.558,2.194100749999052
20,3,0.0,0.03,divergence,C1 cluster pct,0.932,0.01125841907196565,0.0176592043466866,0.0,1.0,1.1749500839941902
20,3,0.0,0.03,contrast,C1 cluster pct,0.928,0.0115599307956406,0.024875311569124457,0.0,0.99,1.1749500839941902
20,3,0.0,0.03,divergence,C2a simult. cluster max-|t|,0.966,0.008104813384649892,0.021497579777428652,0.0,1.0,1.3145125839946559
20,3,0.0,0.03,contrast,C2a simult. cluster max-|t|,0.968,0.007870959280799264,0.02982595271868999,0.0,0.972,1.3145125839946559
20,3,0.0,0.03,divergence,C2b simult. Bonferroni-t,0.982,0.005945754788082,0.024487991968281192,0.0,1.0,0.002182249998440966
20,3,0.0,0.03,contrast,C2b simult. Bonferroni-t,0.98,0.006260990336999414,0.03453691134656992,0.0,0.952,0.002182249998440966
20,3,0.0,0.03,divergence,C2c m-out-of-n cluster,0.922,0.01199299795714149,0.017377853496234344,0.0,1.0,0.7376168339978904
20,3,0.0,0.03,contrast,C2c m-out-of-n cluster,0.932,0.01125841907196565,0.024688468147075794,0.0,0.992,0.7376168339978904
20,3,0.3,0.0,divergence,C0 current,0.696,0.020571047615520217,0.008577387539569582,0.272,1.0,1.9893983340007253
20,3,0.3,0.0,contrast,C0 current,0.932,0.01125841907196565,0.017015699741686388,0.014,0.068,1.9893983340007253
20,3,0.3,0.0,divergence,C1 cluster pct,0.814,0.017401379255679708,0.018467883252352477,0.0,1.0,1.0300021680013742
20,3,0.3,0.0,contrast,C1 cluster pct,0.852,0.015880554146502572,0.019211763016134496,0.0,0.148,1.0300021680013742
20,3,0.3,0.0,divergence,C2a simult. cluster max-|t|,0.96,0.008763560920082661,0.02415690239098786,0.0,1.0,1.185054002002289
20,3,0.3,0.0,contrast,C2a simult. cluster max-|t|,0.962,0.008550555537507495,0.024936345254075242,0.0,0.038,1.185054002002289
20,3,0.3,0.0,divergence,C2b simult. Bonferroni-t,0.984,0.00561141693336006,0.02788655663260849,0.0,1.0,0.0076204180004424416
20,3,0.3,0.0,contrast,C2b simult. Bonferroni-t,0.976,0.006844559883586383,0.02882887229303499,0.0,0.024,0.0076204180004424416
20,3,0.3,0.0,divergence,C2c m-out-of-n cluster,0.922,0.01199299795714149,0.01808002316879651,0.0,1.0,0.7414717499996186
20,3,0.3,0.0,contrast,C2c m-out-of-n cluster,0.928,0.0115599307956406,0.018884161695080018,0.0,0.072,0.7414717499996186
20,3,0.3,0.01,divergence,C0 current,0.284,0.020166506886419373,0.008700014139052989,0.766,1.0,2.0037455839992617
20,3,0.3,0.01,contrast,C0 current,0.644,0.021413266915629666,0.017158144130138234,0.276,0.126,2.0037455839992617
20,3,0.3,0.01,divergence,C1 cluster pct,0.92,0.012132600710482479,0.01918085914105177,0.0,1.0,0.9972923320019618
20,3,0.3,0.01,contrast,C1 cluster pct,0.922,0.01199299795714149,0.02004967766702175,0.0,0.548,0.9972923320019618
20,3,0.3,0.01,divergence,C2a simult. cluster max-|t|,0.97,0.007628892449104264,0.023992385947077942,0.0,1.0,1.1322206659970107
20,3,0.3,0.01,contrast,C2a simult. cluster max-|t|,0.968,0.007870959280799264,0.025032617699307116,0.0,0.332,1.1322206659970107
20,3,0.3,0.01,divergence,C2b simult. Bonferroni-t,0.988,0.004869496893930627,0.027668361974460362,0.0,1.0,0.0029658339990419336
20,3,0.3,0.01,contrast,C2b simult. Bonferroni-t,0.98,0.006260990336999414,0.02890935640240516,0.0,0.214,0.0029658339990419336
20,3,0.3,0.01,divergence,C2c m-out-of-n cluster,0.86,0.01551773179301666,0.018567061121413708,0.0,1.0,0.7020639179972932
20,3,0.3,0.01,contrast,C2c m-out-of-n cluster,0.876,0.014739335127474372,0.01953361712323764,0.0,0.43,0.7020639179972932
20,3,0.3,0.03,divergence,C0 current,0.0,0.0,0.009508481173785619,1.0,1.0,1.9453336680016946
20,3,0.3,0.03,contrast,C0 current,0.01,0.0044497190922573975,0.01762839273297321,1.0,0.602,1.9453336680016946
20,3,0.3,0.03,divergence,C1 cluster pct,0.912,0.012669333052690657,0.02005976816937327,0.0,1.0,0.9942879999944125
20,3,0.3,0.03,contrast,C1 cluster pct,0.92,0.012132600710482479,0.021087800316512584,0.0,1.0,0.9942879999944125
20,3,0.3,0.03,divergence,C2a simult. cluster max-|t|,0.964,0.008331146379700699,0.024056535863949055,0.0,1.0,1.1233909139918978
20,3,0.3,0.03,contrast,C2a simult. cluster max-|t|,0.974,0.007116740827092135,0.02526111612241207,0.0,1.0,1.1233909139918978
20,3,0.3,0.03,divergence,C2b simult. Bonferroni-t,0.982,0.005945754788082,0.027756146887757745,0.0,1.0,0.002616999998281244
20,3,0.3,0.03,contrast,C2b simult. Bonferroni-t,0.988,0.004869496893930627,0.029251065772896333,0.0,0.994,0.002616999998281244
20,3,0.3,0.03,divergence,C2c m-out-of-n cluster,0.922,0.01199299795714149,0.020006071066934927,0.0,1.0,0.7065149999980349
20,3,0.3,0.03,contrast,C2c m-out-of-n cluster,0.922,0.01199299795714149,0.021059700703604797,0.0,1.0,0.7065149999980349
20,3,0.7,0.0,divergence,C0 current,0.52,0.022342784070030305,0.008504230015240722,0.072,1.0,1.9346349999977974
20,3,0.7,0.0,contrast,C0 current,0.99,0.0044497190922574,0.01698900152090529,0.0,0.01,1.9346349999977974
20,3,0.7,0.0,divergence,C1 cluster pct,0.896,0.013651666564928987,0.022544873560220002,0.0,1.0,0.9900308340002084
20,3,0.7,0.0,contrast,C1 cluster pct,0.832,0.01671980861134481,0.012556464087218045,0.0,0.168,0.9900308340002084
20,3,0.7,0.0,divergence,C2a simult. cluster max-|t|,0.952,0.009559916317625384,0.026471197202880412,0.0,1.0,1.1211241659984807
20,3,0.7,0.0,contrast,C2a simult. cluster max-|t|,0.944,0.010282412168358165,0.016286982949148276,0.0,0.056,1.1211241659984807
20,3,0.7,0.0,divergence,C2b simult. Bonferroni-t,0.98,0.006260990336999414,0.032070171483534554,0.0,1.0,0.0030432499988819472
20,3,0.7,0.0,contrast,C2b simult. Bonferroni-t,0.982,0.005945754788082,0.018849039624331633,0.0,0.018,0.0030432499988819472
20,3,0.7,0.0,divergence,C2c m-out-of-n cluster,0.912,0.012669333052690657,0.022384676177325175,0.0,1.0,0.7081490839991602
20,3,0.7,0.0,contrast,C2c m-out-of-n cluster,0.904,0.013174520864152895,0.012340512764143855,0.0,0.096,0.7081490839991602
20,3,0.7,0.01,divergence,C0 current,0.286,0.020209106858047932,0.00854862720638547,0.886,1.0,2.107414081998286
20,3,0.7,0.01,contrast,C0 current,0.734,0.019760769215797242,0.01683976474640009,0.23,0.06,2.107414081998286
20,3,0.7,0.01,divergence,C1 cluster pct,0.936,0.01094568408095172,0.022844559041410684,0.0,1.0,1.0031813340028748
20,3,0.7,0.01,contrast,C1 cluster pct,0.93,0.011410521460476728,0.013550472448021171,0.0,0.822,1.0031813340028748
20,3,0.7,0.01,divergence,C2a simult. cluster max-|t|,0.97,0.007628892449104264,0.026223803402934984,0.0,1.0,1.1333011660026386
20,3,0.7,0.01,contrast,C2a simult. cluster max-|t|,0.964,0.008331146379700699,0.01645750639000967,0.0,0.7,1.1333011660026386
20,3,0.7,0.01,divergence,C2b simult. Bonferroni-t,0.988,0.004869496893930627,0.03179497484459764,0.0,1.0,0.0022934160006116144
20,3,0.7,0.01,contrast,C2b simult. Bonferroni-t,0.978,0.006559878047646925,0.019021095970319046,0.0,0.562,0.0022934160006116144
20,3,0.7,0.01,divergence,C2c m-out-of-n cluster,0.938,0.010784804124322337,0.022590103300820275,0.0,1.0,0.7179822499965667
20,3,0.7,0.01,contrast,C2c m-out-of-n cluster,0.9,0.013416407864998736,0.013217560007463316,0.0,0.788,0.7179822499965667
20,3,0.7,0.03,divergence,C0 current,0.004,0.002822764602300376,0.00944077738424897,1.0,1.0,1.9169283339942922
20,3,0.7,0.03,contrast,C0 current,0.002,0.0019979989989987483,0.017432818691384713,1.0,0.688,1.9169283339942922
20,3,0.7,0.03,divergence,C1 cluster pct,0.932,0.01125841907196565,0.023163202510774136,0.0,1.0,0.9846198340019328
20,3,0.7,0.03,contrast,C1 cluster pct,0.896,0.013651666564928987,0.013549301540106534,0.0,1.0,0.9846198340019328
20,3,0.7,0.03,divergence,C2a simult. cluster max-|t|,0.96,0.008763560920082661,0.02642710163541093,0.0,1.0,1.1139613339983043
20,3,0.7,0.03,contrast,C2a simult. cluster max-|t|,0.948,0.009929350431926557,0.016191185602644032,0.0,1.0,1.1139613339983043
20,3,0.7,0.03,divergence,C2b simult. Bonferroni-t,0.978,0.006559878047646925,0.03187485820977397,0.0,1.0,0.0034349159977864474
20,3,0.7,0.03,contrast,C2b simult. Bonferroni-t,0.98,0.006260990336999414,0.01875627532738637,0.0,1.0,0.0034349159977864474
20,3,0.7,0.03,divergence,C2c m-out-of-n cluster,0.926,0.011706750189527404,0.023005895215312284,0.0,1.0,0.7070444999990286
20,3,0.7,0.03,contrast,C2c m-out-of-n cluster,0.89,0.013992855319769442,0.013544897981614188,0.0,1.0,0.7070444999990286
50,1,0.0,0.0,divergence,C0 current,0.902,0.013296315279053816,0.00949800470044651,0.0,1.0,2.4096794159995625
50,1,0.0,0.0,contrast,C0 current,0.89,0.013992855319769442,0.013403601946562428,0.0,0.11,2.4096794159995625
50,1,0.0,0.0,divergence,C1 cluster pct,0.942,0.010453324829928518,0.011612800318747759,0.0,1.0,2.5280717499990715
50,1,0.0,0.0,contrast,C1 cluster pct,0.938,0.010784804124322337,0.01631169937178492,0.0,0.062,2.5280717499990715
50,1,0.0,0.0,divergence,C2a simult. cluster max-|t|,0.95,0.00974679434480897,0.011641176059974563,0.0,1.0,2.534648664004635
50,1,0.0,0.0,contrast,C2a simult. cluster max-|t|,0.932,0.01125841907196565,0.016352155457408642,0.0,0.068,2.534648664004635
50,1,0.0,0.0,divergence,C2b simult. Bonferroni-t,0.956,0.009172131704244116,0.012070680894155656,0.0,1.0,0.0016378340005758218
50,1,0.0,0.0,contrast,C2b simult. Bonferroni-t,0.952,0.009559916317625384,0.016987621711848703,0.0,0.048,0.0016378340005758218
50,1,0.0,0.0,divergence,C2c m-out-of-n cluster,0.952,0.009559916317625384,0.011592688585024855,0.0,1.0,1.5991714160045376
50,1,0.0,0.0,contrast,C2c m-out-of-n cluster,0.936,0.01094568408095172,0.016314239549802854,0.0,0.064,1.5991714160045376
50,1,0.0,0.01,divergence,C0 current,0.894,0.013766916866168691,0.009455970026392585,0.0,1.0,2.419524165998155
50,1,0.0,0.01,contrast,C0 current,0.906,0.013050976974924135,0.013459877266972566,0.0,0.786,2.419524165998155
50,1,0.0,0.01,divergence,C1 cluster pct,0.942,0.010453324829928518,0.011473837333917618,0.0,1.0,2.611487665999448
50,1,0.0,0.01,contrast,C1 cluster pct,0.944,0.010282412168358165,0.016313248494267463,0.0,0.674,2.611487665999448
50,1,0.0,0.01,divergence,C2a simult. cluster max-|t|,0.944,0.010282412168358165,0.011503945788444582,0.0,1.0,2.619940584008873
50,1,0.0,0.01,contrast,C2a simult. cluster max-|t|,0.946,0.010107818755794947,0.01636467564150123,0.0,0.672,2.619940584008873
50,1,0.0,0.01,divergence,C2b simult. Bonferroni-t,0.95,0.00974679434480897,0.011913843178585272,0.0,1.0,0.0008205000049201772
50,1,0.0,0.01,contrast,C2b simult. Bonferroni-t,0.958,0.00897061870775924,0.016981026483925746,0.0,0.64,0.0008205000049201772
50,1,0.0,0.01,divergence,C2c m-out-of-n cluster,0.936,0.01094568408095172,0.011435474383969933,0.0,1.0,1.5614664160020766
50,1,0.0,0.01,contrast,C2c m-out-of-n cluster,0.948,0.009929350431926557,0.016319720813461645,0.0,0.668,1.5614664160020766
50,1,0.0,0.03,divergence,C0 current,0.876,0.014739335127474372,0.009499797314658711,0.0,1.0,2.4270150840020506
50,1,0.0,0.03,contrast,C0 current,0.906,0.013050976974924135,0.01344064985063262,0.0,1.0,2.4270150840020506
50,1,0.0,0.03,divergence,C1 cluster pct,0.952,0.009559916317625384,0.011526217276602982,0.0,1.0,2.531062333997397
50,1,0.0,0.03,contrast,C1 cluster pct,0.956,0.009172131704244116,0.016320638144761323,0.0,1.0,2.531062333997397
50,1,0.0,0.03,divergence,C2a simult. cluster max-|t|,0.948,0.009929350431926557,0.011552283274081745,0.0,1.0,2.5371667520012124
50,1,0.0,0.03,contrast,C2a simult. cluster max-|t|,0.958,0.00897061870775924,0.01635827605249893,0.0,1.0,2.5371667520012124
50,1,0.0,0.03,divergence,C2b simult. Bonferroni-t,0.964,0.008331146379700699,0.011985741132053146,0.0,1.0,0.0009380839983350597
50,1,0.0,0.03,contrast,C2b simult. Bonferroni-t,0.968,0.007870959280799264,0.016974495926613778,0.0,1.0,0.0009380839983350597
50,1,0.0,0.03,divergence,C2c m-out-of-n cluster,0.95,0.00974679434480897,0.011498546610051105,0.0,1.0,1.6000446660036687
50,1,0.0,0.03,contrast,C2c m-out-of-n cluster,0.96,0.008763560920082661,0.01630414373811838,0.0,1.0,1.6000446660036687
50,1,0.3,0.0,divergence,C0 current,0.822,0.01710648999648964,0.009455232984456401,0.0,1.0,2.5196970000033616
50,1,0.3,0.0,contrast,C0 current,0.938,0.010784804124322337,0.01341279414522151,0.0,0.062,2.5196970000033616
50,1,0.3,0.0,divergence,C1 cluster pct,0.934,0.01110351295761841,0.013121338728070258,0.0,1.0,2.5325658319998183
50,1,0.3,0.0,contrast,C1 cluster pct,0.938,0.010784804124322337,0.01359448057040572,0.0,0.062,2.5325658319998183
50,1,0.3,0.0,divergence,C2a simult. cluster max-|t|,0.93,0.011410521460476728,0.01316250029985021,0.0,1.0,2.539415499995812
50,1,0.3,0.0,contrast,C2a simult. cluster max-|t|,0.936,0.01094568408095172,0.013619877656077374,0.0,0.064,2.539415499995812
50,1,0.3,0.0,divergence,C2b simult. Bonferroni-t,0.944,0.010282412168358165,0.013687753105681598,0.0,1.0,0.0008640000014565885
50,1,0.3,0.0,contrast,C2b simult. Bonferroni-t,0.944,0.010282412168358165,0.014178692186992473,0.0,0.056,0.0008640000014565885
50,1,0.3,0.0,divergence,C2c m-out-of-n cluster,0.93,0.011410521460476728,0.013125098567783607,0.0,1.0,1.5720812500003376
50,1,0.3,0.0,contrast,C2c m-out-of-n cluster,0.938,0.010784804124322337,0.013660754188679182,0.0,0.062,1.5720812500003376
50,1,0.3,0.01,divergence,C0 current,0.838,0.016477621187537962,0.00947369619199908,0.0,1.0,2.389492081994831
50,1,0.3,0.01,contrast,C0 current,0.948,0.009929350431926557,0.01341020989252058,0.0,0.826,2.389492081994831
50,1,0.3,0.01,divergence,C1 cluster pct,0.956,0.009172131704244116,0.013120882960408926,0.0,1.0,2.494010000002163
50,1,0.3,0.01,contrast,C1 cluster pct,0.958,0.00897061870775924,0.01369122092053294,0.0,0.81,2.494010000002163
50,1,0.3,0.01,divergence,C2a simult. cluster max-|t|,0.956,0.009172131704244116,0.013157778765059044,0.0,1.0,2.5008655000056024
50,1,0.3,0.01,contrast,C2a simult. cluster max-|t|,0.954,0.009368457717255283,0.013727623805448771,0.0,0.804,2.5008655000056024
50,1,0.3,0.01,divergence,C2b simult. Bonferroni-t,0.96,0.008763560920082661,0.013660250553416759,0.0,1.0,0.0013843319975421764
50,1,0.3,0.01,contrast,C2b simult. Bonferroni-t,0.962,0.008550555537507495,0.014245647033488185,0.0,0.788,0.0013843319975421764
50,1,0.3,0.01,divergence,C2c m-out-of-n cluster,0.956,0.009172131704244116,0.013105353637636305,0.0,1.0,1.5511650839980575
50,1,0.3,0.01,contrast,C2c m-out-of-n cluster,0.958,0.00897061870775924,0.013695706258899928,0.0,0.82,1.5511650839980575
50,1,0.3,0.03,divergence,C0 current,0.818,0.017255491879398864,0.0094344518135628,0.0,1.0,2.422299331999966
50,1,0.3,0.03,contrast,C0 current,0.932,0.01125841907196565,0.013396330055511062,0.0,1.0,2.422299331999966
50,1,0.3,0.03,divergence,C1 cluster pct,0.938,0.010784804124322337,0.013112483344972134,0.0,1.0,2.5152391680021537
50,1,0.3,0.03,contrast,C1 cluster pct,0.932,0.01125841907196565,0.013738336975127457,0.0,1.0,2.5152391680021537
50,1,0.3,0.03,divergence,C2a simult. cluster max-|t|,0.936,0.01094568408095172,0.013138690210291824,0.0,1.0,2.5215104180024355
50,1,0.3,0.03,contrast,C2a simult. cluster max-|t|,0.934,0.01110351295761841,0.013775794012499003,0.0,1.0,2.5215104180024355
50,1,0.3,0.03,divergence,C2b simult. Bonferroni-t,0.942,0.010453324829928518,0.01364900690349825,0.0,1.0,0.0016045820011640899
50,1,0.3,0.03,contrast,C2b simult. Bonferroni-t,0.938,0.010784804124322337,0.014308722301084775,0.0,1.0,0.0016045820011640899
50,1,0.3,0.03,divergence,C2c m-out-of-n cluster,0.926,0.011706750189527404,0.013104691993338718,0.0,1.0,1.5589044180014753
50,1,0.3,0.03,contrast,C2c m-out-of-n cluster,0.934,0.01110351295761841,0.013734119728617806,0.0,1.0,1.5589044180014753
50,1,0.7,0.0,divergence,C0 current,0.762,0.01904499934365974,0.009405294023758452,0.0,1.0,2.4264059999986785
50,1,0.7,0.0,contrast,C0 current,0.992,0.003983967871356396,0.013309988241071179,0.0,0.008,2.4264059999986785
50,1,0.7,0.0,divergence,C1 cluster pct,0.93,0.011410521460476728,0.014941663815826177,0.0,1.0,2.5008372500014957
50,1,0.7,0.0,contrast,C1 cluster pct,0.942,0.010453324829928518,0.008912840162217616,0.0,0.058,2.5008372500014957
50,1,0.7,0.0,divergence,C2a simult. cluster max-|t|,0.938,0.010784804124322337,0.014978173046387072,0.0,1.0,2.5075234979958623
50,1,0.7,0.0,contrast,C2a simult. cluster max-|t|,0.936,0.01094568408095172,0.008937205160663928,0.0,0.064,2.5075234979958623
50,1,0.7,0.0,divergence,C2b simult. Bonferroni-t,0.952,0.009559916317625384,0.015556235715482074,0.0,1.0,0.0007895000017015263
50,1,0.7,0.0,contrast,C2b simult. Bonferroni-t,0.952,0.009559916317625384,0.009280641897513476,0.0,0.048,0.0007895000017015263
50,1,0.7,0.0,divergence,C2c m-out-of-n cluster,0.934,0.01110351295761841,0.01492766027038828,0.0,1.0,1.5515730840052129
50,1,0.7,0.0,contrast,C2c m-out-of-n cluster,0.934,0.01110351295761841,0.008915203061399314,0.0,0.066,1.5515730840052129
50,1,0.7,0.01,divergence,C0 current,0.772,0.018762515822778138,0.00937340988554396,0.0,1.0,2.4104409179999493
50,1,0.7,0.01,contrast,C0 current,1.0,0.0,0.013310608163818736,0.0,0.914,2.4104409179999493
50,1,0.7,0.01,divergence,C1 cluster pct,0.938,0.010784804124322337,0.014899327721446752,0.0,1.0,2.6132877499985625
50,1,0.7,0.01,contrast,C1 cluster pct,0.932,0.01125841907196565,0.008967408518493175,0.0,0.986,2.6132877499985625
50,1,0.7,0.01,divergence,C2a simult. cluster max-|t|,0.936,0.01094568408095172,0.014940740554288194,0.0,1.0,2.6198245839987067
50,1,0.7,0.01,contrast,C2a simult. cluster max-|t|,0.936,0.01094568408095172,0.008989437175085765,0.0,0.986,2.6198245839987067
50,1,0.7,0.01,divergence,C2b simult. Bonferroni-t,0.946,0.010107818755794947,0.01552686191350469,0.0,1.0,0.0006439159988076426
50,1,0.7,0.01,contrast,C2b simult. Bonferroni-t,0.944,0.010282412168358165,0.00934346868362392,0.0,0.986,0.0006439159988076426
50,1,0.7,0.01,divergence,C2c m-out-of-n cluster,0.932,0.01125841907196565,0.014871594722746387,0.0,1.0,1.5463117499966756
50,1,0.7,0.01,contrast,C2c m-out-of-n cluster,0.928,0.0115599307956406,0.008953690128857963,0.0,0.986,1.5463117499966756
50,1,0.7,0.03,divergence,C0 current,0.736,0.019713142824014644,0.00942415144902807,0.0,1.0,2.4532847500013304
50,1,0.7,0.03,contrast,C0 current,0.998,0.001997998998998749,0.013333405654630684,0.0,1.0,2.4532847500013304
50,1,0.7,0.03,divergence,C1 cluster pct,0.924,0.01185107590052481,0.014989832578599451,0.0,1.0,2.497654250000778
50,1,0.7,0.03,contrast,C1 cluster pct,0.944,0.010282412168358165,0.008997033853083848,0.0,1.0,2.497654250000778
50,1,0.7,0.03,divergence,C2a simult. cluster max-|t|,0.924,0.01185107590052481,0.015020233685661431,0.0,1.0,2.503143000001728
50,1,0.7,0.03,contrast,C2a simult. cluster max-|t|,0.94,0.010620734437881408,0.009023594877654575,0.0,1.0,2.503143000001728
50,1,0.7,0.03,divergence,C2b simult. Bonferroni-t,0.932,0.01125841907196565,0.015598006488811853,0.0,1.0,0.0011889160014106892
50,1,0.7,0.03,contrast,C2b simult. Bonferroni-t,0.946,0.010107818755794947,0.009343398950216446,0.0,1.0,0.0011889160014106892
50,1,0.7,0.03,divergence,C2c m-out-of-n cluster,0.918,0.012269963325128561,0.015000004978496939,0.0,1.0,1.5415701679958147
50,1,0.7,0.03,contrast,C2c m-out-of-n cluster,0.944,0.010282412168358165,0.008977189744371014,0.0,1.0,1.5415701679958147
50,2,0.0,0.0,divergence,C0 current,0.878,0.014636666287102402,0.006730699142716906,0.12,1.0,3.5547082500052056
50,2,0.0,0.0,contrast,C0 current,0.874,0.01484075469779081,0.011625187198487655,0.008,0.126,3.5547082500052056
50,2,0.0,0.0,divergence,C1 cluster pct,0.876,0.014739335127474372,0.010151416604220866,0.0,1.0,2.748630582005717
50,2,0.0,0.0,contrast,C1 cluster pct,0.896,0.013651666564928987,0.015298183467984198,0.0,0.104,2.748630582005717
50,2,0.0,0.0,divergence,C2a simult. cluster max-|t|,0.978,0.006559878047646925,0.013122826521115839,0.0,1.0,2.8372614160034573
50,2,0.0,0.0,contrast,C2a simult. cluster max-|t|,0.958,0.00897061870775924,0.01829715655963659,0.0,0.042,2.8372614160034573
50,2,0.0,0.0,divergence,C2b simult. Bonferroni-t,0.982,0.005945754788082,0.013734956719321944,0.0,1.0,0.003451833996223286
50,2,0.0,0.0,contrast,C2b simult. Bonferroni-t,0.976,0.006844559883586383,0.01936613406282982,0.0,0.024,0.003451833996223286
50,2,0.0,0.0,divergence,C2c m-out-of-n cluster,0.934,0.01110351295761841,0.009790145824506541,0.0,1.0,1.7217636659988784
50,2,0.0,0.0,contrast,C2c m-out-of-n cluster,0.916,0.012405160216619531,0.01509531494935965,0.0,0.084,1.7217636659988784
50,2,0.0,0.01,divergence,C0 current,0.256,0.01951737687293044,0.0068494079367918395,0.79,1.0,3.6024109159989166
50,2,0.0,0.01,contrast,C0 current,0.594,0.021961967125009547,0.011725714570209964,0.366,0.416,3.6024109159989166
50,2,0.0,0.01,divergence,C1 cluster pct,0.948,0.009929350431926557,0.01124385997503996,0.0,1.0,2.664800499995181
50,2,0.0,0.01,contrast,C1 cluster pct,0.934,0.01110351295761841,0.016242498352378603,0.0,0.694,2.664800499995181
50,2,0.0,0.01,divergence,C2a simult. cluster max-|t|,0.976,0.006844559883586383,0.013211402046005153,0.0,1.0,2.7520946679942426
50,2,0.0,0.01,contrast,C2a simult. cluster max-|t|,0.97,0.007628892449104264,0.018610346117619015,0.0,0.568,2.7520946679942426
50,2,0.0,0.01,divergence,C2b simult. Bonferroni-t,0.986,0.0052543315464481325,0.013833787743965566,0.0,1.0,0.004197000002022833
50,2,0.0,0.01,contrast,C2b simult. Bonferroni-t,0.976,0.006844559883586383,0.019681877306168483,0.0,0.524,0.004197000002022833
50,2,0.0,0.01,divergence,C2c m-out-of-n cluster,0.884,0.014320893826853127,0.010699158554944403,0.0,1.0,1.6880766679969383
50,2,0.0,0.01,contrast,C2c m-out-of-n cluster,0.902,0.013296315279053816,0.015856372564968385,0.0,0.654,1.6880766679969383
50,2,0.0,0.03,divergence,C0 current,0.0,0.0,0.007533736690978811,1.0,1.0,3.5277064180045272
50,2,0.0,0.03,contrast,C0 current,0.01,0.0044497190922573975,0.012099317267482696,1.0,0.994,3.5277064180045272
50,2,0.0,0.03,divergence,C1 cluster pct,0.922,0.01199299795714149,0.011522865998744965,0.0,1.0,2.6130145839997567
50,2,0.0,0.03,contrast,C1 cluster pct,0.926,0.011706750189527404,0.016201655922085046,0.0,1.0,2.6130145839997567
50,2,0.0,0.03,divergence,C2a simult. cluster max-|t|,0.954,0.009368457717255283,0.013176191709672633,0.0,1.0,2.6987693360060803
50,2,0.0,0.03,contrast,C2a simult. cluster max-|t|,0.95,0.00974679434480897,0.018319217793866176,0.0,1.0,2.6987693360060803
50,2,0.0,0.03,divergence,C2b simult. Bonferroni-t,0.964,0.008331146379700699,0.013789555016203141,0.0,1.0,0.0037244180057314225
50,2,0.0,0.03,contrast,C2b simult. Bonferroni-t,0.964,0.008331146379700699,0.01943901089961551,0.0,1.0,0.0037244180057314225
50,2,0.0,0.03,divergence,C2c m-out-of-n cluster,0.918,0.012269963325128561,0.011512828577524274,0.0,1.0,1.6900836659988272
50,2,0.0,0.03,contrast,C2c m-out-of-n cluster,0.932,0.01125841907196565,0.016254458675787505,0.0,1.0,1.6900836659988272
50,2,0.3,0.0,divergence,C0 current,0.72,0.020079840636817812,0.0067296442483504035,0.06,1.0,3.795252834002895
50,2,0.3,0.0,contrast,C0 current,0.948,0.009929350431926557,0.011627643382644187,0.0,0.052,3.795252834002895
50,2,0.3,0.0,divergence,C1 cluster pct,0.904,0.013174520864152895,0.012409583716094495,0.0,1.0,2.9768697499966947
50,2,0.3,0.0,contrast,C1 cluster pct,0.892,0.013880633991284403,0.012877976951748131,0.0,0.108,2.9768697499966947
50,2,0.3,0.0,divergence,C2a simult. cluster max-|t|,0.958,0.00897061870775924,0.014939701078221184,0.0,1.0,3.0750420019976445
50,2,0.3,0.0,contrast,C2a simult. cluster max-|t|,0.958,0.00897061870775924,0.01543270906136216,0.0,0.042,3.0750420019976445
50,2,0.3,0.0,divergence,C2b simult. Bonferroni-t,0.968,0.007870959280799264,0.015778665843755074,0.0,1.0,0.005490417999681085
50,2,0.3,0.0,contrast,C2b simult. Bonferroni-t,0.966,0.008104813384649892,0.016342408778793643,0.0,0.034,0.005490417999681085
50,2,0.3,0.0,divergence,C2c m-out-of-n cluster,0.934,0.01110351295761841,0.012153565118289082,0.0,1.0,1.8686498340030084
50,2,0.3,0.0,contrast,C2c m-out-of-n cluster,0.932,0.01125841907196565,0.012673929210784068,0.0,0.068,1.8686498340030084
50,2,0.3,0.01,divergence,C0 current,0.296,0.02041489652190282,0.006812145825468082,0.842,1.0,3.772940084003494
50,2,0.3,0.01,contrast,C0 current,0.608,0.021832819332372078,0.011660266835915803,0.354,0.41,3.772940084003494
50,2,0.3,0.01,divergence,C1 cluster pct,0.938,0.010784804124322337,0.013001768098771571,0.0,1.0,2.715504333995341
50,2,0.3,0.01,contrast,C1 cluster pct,0.938,0.010784804124322337,0.013639464578032492,0.0,0.814,2.715504333995341
50,2,0.3,0.01,divergence,C2a simult. cluster max-|t|,0.96,0.008763560920082661,0.01481823363086753,0.0,1.0,2.8023049159892253
50,2,0.3,0.01,contrast,C2a simult. cluster max-|t|,0.964,0.008331146379700699,0.01553291154504411,0.0,0.736,2.8023049159892253
50,2,0.3,0.01,divergence,C2b simult. Bonferroni-t,0.972,0.0073778045514909145,0.01567552587664169,0.0,1.0,0.004634666001948062
50,2,0.3,0.01,contrast,C2b simult. Bonferroni-t,0.972,0.0073778045514909145,0.016454791032102675,0.0,0.698,0.004634666001948062
50,2,0.3,0.01,divergence,C2c m-out-of-n cluster,0.926,0.011706750189527404,0.012741765347712463,0.0,1.0,2.1330559160051052
50,2,0.3,0.01,contrast,C2c m-out-of-n cluster,0.932,0.01125841907196565,0.013375773057230885,0.0,0.802,2.1330559160051052
50,2,0.3,0.03,divergence,C0 current,0.0,0.0,0.007498684604150648,1.0,1.0,4.1915474999987055
50,2,0.3,0.03,contrast,C0 current,0.004,0.002822764602300376,0.012089509651988262,1.0,0.998,4.1915474999987055
50,2,0.3,0.03,divergence,C1 cluster pct,0.954,0.009368457717255283,0.013091086497902868,0.0,1.0,2.923951415999909
50,2,0.3,0.03,contrast,C1 cluster pct,0.946,0.010107818755794947,0.013659276185929775,0.0,1.0,2.923951415999909
50,2,0.3,0.03,divergence,C2a simult. cluster max-|t|,0.976,0.006844559883586383,0.014803991288385386,0.0,1.0,3.0195489179968718
50,2,0.3,0.03,contrast,C2a simult. cluster max-|t|,0.974,0.007116740827092135,0.015463463145803397,0.0,1.0,3.0195489179968718
50,2,0.3,0.03,divergence,C2b simult. Bonferroni-t,0.986,0.0052543315464481325,0.015697003679392415,0.0,1.0,0.006614750003791414
50,2,0.3,0.03,contrast,C2b simult. Bonferroni-t,0.978,0.006559878047646925,0.01637621073240188,0.0,1.0,0.006614750003791414
50,2,0.3,0.03,divergence,C2c m-out-of-n cluster,0.954,0.009368457717255283,0.013118422133032482,0.0,1.0,1.9250261660054093
50,2,0.3,0.03,contrast,C2c m-out-of-n cluster,0.948,0.009929350431926557,0.013673647397239372,0.0,1.0,1.9250261660054093
50,2,0.7,0.0,divergence,C0 current,0.612,0.021792475765731623,0.006676727749547796,0.004,1.0,3.7086268339990056
50,2,0.7,0.0,contrast,C0 current,0.998,0.001997998998998749,0.011607201390412335,0.0,0.002,3.7086268339990056
50,2,0.7,0.0,divergence,C1 cluster pct,0.946,0.010107818755794947,0.014798741839081048,0.0,1.0,2.915343415996176
50,2,0.7,0.0,contrast,C1 cluster pct,0.918,0.012269963325128561,0.008456386538594958,0.0,0.082,2.915343415996176
50,2,0.7,0.0,divergence,C2a simult. cluster max-|t|,0.966,0.008104813384649892,0.016531528435335917,0.0,1.0,3.0021851679921383
50,2,0.7,0.0,contrast,C2a simult. cluster max-|t|,0.966,0.008104813384649892,0.01011356219774239,0.0,0.034,3.0021851679921383
50,2,0.7,0.0,divergence,C2b simult. Bonferroni-t,0.976,0.006844559883586383,0.018057254390290055,0.0,1.0,0.00429158399492735
50,2,0.7,0.0,contrast,C2b simult. Bonferroni-t,0.978,0.006559878047646925,0.01070563153946256,0.0,0.022,0.00429158399492735
50,2,0.7,0.0,divergence,C2c m-out-of-n cluster,0.942,0.010453324829928518,0.01465595339043849,0.0,1.0,1.7315154160023667
50,2,0.7,0.0,contrast,C2c m-out-of-n cluster,0.932,0.01125841907196565,0.00831099084646037,0.0,0.068,1.7315154160023667
50,2,0.7,0.01,divergence,C0 current,0.328,0.02099599961897504,0.0067764739675961255,0.922,1.0,3.533718584003509
50,2,0.7,0.01,contrast,C0 current,0.666,0.02109236828807993,0.011579539979913766,0.23,0.382,3.533718584003509
50,2,0.7,0.01,divergence,C1 cluster pct,0.934,0.01110351295761841,0.01498821016252041,0.0,1.0,2.9111980000016047
50,2,0.7,0.01,contrast,C1 cluster pct,0.938,0.010784804124322337,0.008978040682524441,0.0,0.988,2.9111980000016047
50,2,0.7,0.01,divergence,C2a simult. cluster max-|t|,0.95,0.00974679434480897,0.016417485620495196,0.0,1.0,3.018033168002148
50,2,0.7,0.01,contrast,C2a simult. cluster max-|t|,0.966,0.008104813384649892,0.010151724236560725,0.0,0.978,3.018033168002148
50,2,0.7,0.01,divergence,C2b simult. Bonferroni-t,0.966,0.008104813384649892,0.01797631724322359,0.0,1.0,0.009646750004321802
50,2,0.7,0.01,contrast,C2b simult. Bonferroni-t,0.974,0.007116740827092135,0.01076687521627708,0.0,0.974,0.009646750004321802
50,2,0.7,0.01,divergence,C2c m-out-of-n cluster,0.924,0.01185107590052481,0.01493743545572629,0.0,1.0,1.8708834159988328
50,2,0.7,0.01,contrast,C2c m-out-of-n cluster,0.926,0.011706750189527404,0.008900499687698089,0.0,0.988,1.8708834159988328
50,2,0.7,0.03,divergence,C0 current,0.0,0.0,0.007476465051098629,1.0,1.0,4.19286791599734
50,2,0.7,0.03,contrast,C0 current,0.0,0.0,0.012044939384274977,1.0,1.0,4.19286791599734
50,2,0.7,0.03,divergence,C1 cluster pct,0.958,0.00897061870775924,0.015032552806288003,0.0,1.0,2.890329832000134
50,2,0.7,0.03,contrast,C1 cluster pct,0.938,0.010784804124322337,0.008973232626914978,0.0,1.0,2.890329832000134
50,2,0.7,0.03,divergence,C2a simult. cluster max-|t|,0.972,0.0073778045514909145,0.016492078593061614,0.0,1.0,2.97909858199273
50,2,0.7,0.03,contrast,C2a simult. cluster max-|t|,0.958,0.00897061870775924,0.010123153497292666,0.0,1.0,2.97909858199273
50,2,0.7,0.03,divergence,C2b simult. Bonferroni-t,0.986,0.0052543315464481325,0.018016811261258724,0.0,1.0,0.004895831996691413
50,2,0.7,0.03,contrast,C2b simult. Bonferroni-t,0.978,0.006559878047646925,0.010735092921860706,0.0,1.0,0.004895831996691413
50,2,0.7,0.03,divergence,C2c m-out-of-n cluster,0.954,0.009368457717255283,0.015056853123189058,0.0,1.0,1.7356632500013802
50,2,0.7,0.03,contrast,C2c m-out-of-n cluster,0.936,0.01094568408095172,0.008947259661691255,0.0,1.0,1.7356632500013802
50,3,0.0,0.0,divergence,C0 current,0.904,0.013174520864152895,0.005487591077763122,0.394,1.0,5.228130334005982
50,3,0.0,0.0,contrast,C0 current,0.88,0.014532721699667961,0.010939924110548041,0.044,0.12,5.228130334005982
50,3,0.0,0.0,divergence,C1 cluster pct,0.734,0.019760769215797242,0.009528018874675036,0.0,1.0,2.5620169160029036
50,3,0.0,0.0,contrast,C1 cluster pct,0.876,0.014739335127474372,0.014882505970448254,0.0,0.124,2.5620169160029036
50,3,0.0,0.0,divergence,C2a simult. cluster max-|t|,0.968,0.007870959280799264,0.014020629723127094,0.0,1.0,2.6921310820034705
50,3,0.0,0.0,contrast,C2a simult. cluster max-|t|,0.97,0.007628892449104264,0.019439067600697066,0.0,0.03,2.6921310820034705
50,3,0.0,0.0,divergence,C2b simult. Bonferroni-t,0.974,0.007116740827092135,0.01473396536169994,0.0,1.0,0.004502249998040497
50,3,0.0,0.0,contrast,C2b simult. Bonferroni-t,0.976,0.006844559883586383,0.0208167123173215,0.0,0.024,0.004502249998040497
50,3,0.0,0.0,divergence,C2c m-out-of-n cluster,0.906,0.013050976974924135,0.00901882082966501,0.0,1.0,1.601553000000422
50,3,0.0,0.0,contrast,C2c m-out-of-n cluster,0.938,0.010784804124322337,0.014603624145560668,0.0,0.062,1.601553000000422
50,3,0.0,0.01,divergence,C0 current,0.016,0.005611416933360059,0.005575718857718973,0.948,1.0,5.231334415999299
50,3,0.0,0.01,contrast,C0 current,0.356,0.021413266915629666,0.010999523345905659,0.664,0.264,5.231334415999299
50,3,0.0,0.01,divergence,C1 cluster pct,0.95,0.00974679434480897,0.010938391973823309,0.0,1.0,2.4988879160009674
50,3,0.0,0.01,contrast,C1 cluster pct,0.94,0.010620734437881408,0.01597875911146402,0.0,0.712,2.4988879160009674
50,3,0.0,0.01,divergence,C2a simult. cluster max-|t|,0.99,0.0044497190922574,0.014013945712529225,0.0,1.0,2.627055998003925
50,3,0.0,0.01,contrast,C2a simult. cluster max-|t|,0.974,0.007116740827092135,0.019579513507434976,0.0,0.51,2.627055998003925
50,3,0.0,0.01,divergence,C2b simult. Bonferroni-t,0.994,0.0034536936748935927,0.014763137114398864,0.0,1.0,0.005331083993951324
50,3,0.0,0.01,contrast,C2b simult. Bonferroni-t,0.98,0.006260990336999414,0.020985890434203267,0.0,0.446,0.005331083993951324
50,3,0.0,0.01,divergence,C2c m-out-of-n cluster,0.852,0.015880554146502572,0.010169050491541164,0.0,1.0,1.5674952500048676
50,3,0.0,0.01,contrast,C2c m-out-of-n cluster,0.906,0.013050976974924135,0.015487002304489475,0.0,0.64,1.5674952500048676
50,3,0.0,0.03,divergence,C0 current,0.0,0.0,0.006100005415233,1.0,1.0,4.969515833996411
50,3,0.0,0.03,contrast,C0 current,0.0,0.0,0.011199196972947129,1.0,0.878,4.969515833996411
50,3,0.0,0.03,divergence,C1 cluster pct,0.932,0.01125841907196565,0.011544722282886504,0.0,1.0,2.486499584003468
50,3,0.0,0.03,contrast,C1 cluster pct,0.946,0.010107818755794947,0.016214682653546333,0.0,1.0,2.486499584003468
50,3,0.0,0.03,divergence,C2a simult. cluster max-|t|,0.988,0.004869496893930627,0.014097731426009421,0.0,1.0,2.614864167997439
50,3,0.0,0.03,contrast,C2a simult. cluster max-|t|,0.986,0.0052543315464481325,0.01940391384466487,0.0,1.0,2.614864167997439
50,3,0.0,0.03,divergence,C2b simult. Bonferroni-t,0.992,0.003983967871356396,0.014817252064586122,0.0,1.0,0.005218668004090432
50,3,0.0,0.03,contrast,C2b simult. Bonferroni-t,0.992,0.003983967871356396,0.02080746893201823,0.0,1.0,0.005218668004090432
50,3,0.0,0.03,divergence,C2c m-out-of-n cluster,0.94,0.010620734437881408,0.011543165945463169,0.0,1.0,1.6541139999972074
50,3,0.0,0.03,contrast,C2c m-out-of-n cluster,0.942,0.010453324829928518,0.01616926868381733,0.0,1.0,1.6541139999972074
50,3,0.3,0.0,divergence,C0 current,0.668,0.02106067425321421,0.00548359285168397,0.28,1.0,5.055650249996688
50,3,0.3,0.0,contrast,C0 current,0.936,0.01094568408095172,0.01089406162862765,0.024,0.064,5.055650249996688
50,3,0.3,0.0,divergence,C1 cluster pct,0.82,0.017181385275931625,0.0120753036044538,0.0,1.0,2.497296831999847
50,3,0.3,0.0,contrast,C1 cluster pct,0.838,0.016477621187537962,0.012500990335643291,0.0,0.162,2.497296831999847
50,3,0.3,0.0,divergence,C2a simult. cluster max-|t|,0.964,0.008331146379700699,0.015843598368695883,0.0,1.0,2.623320917991805
50,3,0.3,0.0,contrast,C2a simult. cluster max-|t|,0.966,0.008104813384649892,0.016262714536400283,0.0,0.034,2.623320917991805
50,3,0.3,0.0,divergence,C2b simult. Bonferroni-t,0.974,0.007116740827092135,0.016896127774433948,0.0,1.0,0.0044419999976526015
50,3,0.3,0.0,contrast,C2b simult. Bonferroni-t,0.972,0.0073778045514909145,0.01739945819633258,0.0,0.028,0.0044419999976526015
50,3,0.3,0.0,divergence,C2c m-out-of-n cluster,0.922,0.01199299795714149,0.01177448806957635,0.0,1.0,1.558387084005517
50,3,0.3,0.0,contrast,C2c m-out-of-n cluster,0.928,0.0115599307956406,0.01221736711929245,0.0,0.072,1.558387084005517
50,3,0.3,0.01,divergence,C0 current,0.09,0.012798437404620925,0.005582207134488044,0.974,1.0,5.278961832002096
50,3,0.3,0.01,contrast,C0 current,0.376,0.021662132858977667,0.010994656273174188,0.724,0.246,5.278961832002096
50,3,0.3,0.01,divergence,C1 cluster pct,0.94,0.010620734437881408,0.013041502752155066,0.0,1.0,2.494339418000891
50,3,0.3,0.01,contrast,C1 cluster pct,0.938,0.010784804124322337,0.013507417939603326,0.0,0.854,2.494339418000891
50,3,0.3,0.01,divergence,C2a simult. cluster max-|t|,0.972,0.0073778045514909145,0.015932271521353864,0.0,1.0,2.6233683339960407
50,3,0.3,0.01,contrast,C2a simult. cluster max-|t|,0.966,0.008104813384649892,0.016434236704285083,0.0,0.7,2.6233683339960407
50,3,0.3,0.01,divergence,C2b simult. Bonferroni-t,0.982,0.005945754788082,0.016997377548177737,0.0,1.0,0.004711834000772797
50,3,0.3,0.01,contrast,C2b simult. Bonferroni-t,0.976,0.006844559883586383,0.017556715103593114,0.0,0.634,0.004711834000772797
50,3,0.3,0.01,divergence,C2c m-out-of-n cluster,0.912,0.012669333052690657,0.012588707889304135,0.0,1.0,1.5768423339977744
50,3,0.3,0.01,contrast,C2c m-out-of-n cluster,0.914,0.01253826144248077,0.013062433755508376,0.0,0.806,1.5768423339977744
50,3,0.3,0.03,divergence,C0 current,0.0,0.0,0.006070254684729936,1.0,1.0,5.031461665996176
50,3,0.3,0.03,contrast,C0 current,0.0,0.0,0.011285227578976832,1.0,0.916,5.031461665996176
50,3,0.3,0.03,divergence,C1 cluster pct,0.952,0.009559916317625384,0.013089171982556581,0.0,1.0,2.482059416004631
50,3,0.3,0.03,contrast,C1 cluster pct,0.938,0.010784804124322337,0.013648020594567059,0.0,1.0,2.482059416004631
50,3,0.3,0.03,divergence,C2a simult. cluster max-|t|,0.978,0.006559878047646925,0.015708951529130606,0.0,1.0,2.6073696660023415
50,3,0.3,0.03,contrast,C2a simult. cluster max-|t|,0.97,0.007628892449104264,0.01633510651301229,0.0,1.0,2.6073696660023415
50,3,0.3,0.03,divergence,C2b simult. Bonferroni-t,0.986,0.0052543315464481325,0.016795901152676596,0.0,1.0,0.004655084005207755
50,3,0.3,0.03,contrast,C2b simult. Bonferroni-t,0.982,0.005945754788082,0.017484383641040678,0.0,1.0,0.004655084005207755
50,3,0.3,0.03,divergence,C2c m-out-of-n cluster,0.952,0.009559916317625384,0.013073569164816412,0.0,1.0,1.8945391660017776
50,3,0.3,0.03,contrast,C2c m-out-of-n cluster,0.942,0.010453324829928518,0.013604779370190808,0.0,1.0,1.8945391660017776
50,3,0.7,0.0,divergence,C0 current,0.494,0.02235906974809104,0.005475706129648538,0.052,1.0,6.102596417993482
50,3,0.7,0.0,contrast,C0 current,0.996,0.002822764602300377,0.010915989355724104,0.0,0.004,6.102596417993482
50,3,0.7,0.0,divergence,C1 cluster pct,0.882,0.014427473791346842,0.014613323746621606,0.0,1.0,2.7079616660048487
50,3,0.7,0.0,contrast,C1 cluster pct,0.868,0.01513776733867977,0.008175031654536724,0.0,0.132,2.7079616660048487
50,3,0.7,0.0,divergence,C2a simult. cluster max-|t|,0.956,0.009172131704244116,0.017194152462049295,0.0,1.0,2.8398519160036813
50,3,0.7,0.0,contrast,C2a simult. cluster max-|t|,0.96,0.008763560920082661,0.010661310062422807,0.0,0.04,2.8398519160036813
50,3,0.7,0.0,divergence,C2b simult. Bonferroni-t,0.976,0.006844559883586383,0.019295722414051284,0.0,1.0,0.0049157500034198165
50,3,0.7,0.0,contrast,C2b simult. Bonferroni-t,0.97,0.007628892449104264,0.011417408627912455,0.0,0.03,0.0049157500034198165
50,3,0.7,0.0,divergence,C2c m-out-of-n cluster,0.906,0.013050976974924135,0.014513352493396801,0.0,1.0,1.6635210840031505
50,3,0.7,0.0,contrast,C2c m-out-of-n cluster,0.926,0.011706750189527404,0.008011487623325122,0.0,0.074,1.6635210840031505
50,3,0.7,0.01,divergence,C0 current,0.134,0.015234434679370286,0.005521955814981651,0.998,1.0,6.147777666003094
50,3,0.7,0.01,contrast,C0 current,0.248,0.019313000802568203,0.010957199376119735,0.82,0.126,6.147777666003094
50,3,0.7,0.01,divergence,C1 cluster pct,0.934,0.01110351295761841,0.01498619631305337,0.0,1.0,2.96515208400524
50,3,0.7,0.01,contrast,C1 cluster pct,0.944,0.010282412168358165,0.008944666748493908,0.0,0.994,2.96515208400524
50,3,0.7,0.01,divergence,C2a simult. cluster max-|t|,0.972,0.0073778045514909145,0.01711766781598763,0.0,1.0,3.1005178340055863
50,3,0.7,0.01,contrast,C2a simult. cluster max-|t|,0.98,0.006260990336999414,0.010745591068260504,0.0,0.972,3.1005178340055863
50,3,0.7,0.01,divergence,C2b simult. Bonferroni-t,0.982,0.005945754788082,0.019201675338620407,0.0,1.0,0.005039084004238248
50,3,0.7,0.01,contrast,C2b simult. Bonferroni-t,0.982,0.005945754788082,0.011507713418568271,0.0,0.96,0.005039084004238248
50,3,0.7,0.01,divergence,C2c m-out-of-n cluster,0.928,0.0115599307956406,0.014815783963040391,0.0,1.0,1.8627727499988396
50,3,0.7,0.01,contrast,C2c m-out-of-n cluster,0.932,0.01125841907196565,0.008843370278100317,0.0,0.992,1.8627727499988396
50,3,0.7,0.03,divergence,C0 current,0.0,0.0,0.006036231851034573,1.0,1.0,5.369982500000333
50,3,0.7,0.03,contrast,C0 current,0.0,0.0,0.01119228235774452,1.0,0.992,5.369982500000333
50,3,0.7,0.03,divergence,C1 cluster pct,0.938,0.010784804124322337,0.015110627855360506,0.0,1.0,2.5168467499970575
50,3,0.7,0.03,contrast,C1 cluster pct,0.936,0.01094568408095172,0.008934669255465268,0.0,1.0,2.5168467499970575
50,3,0.7,0.03,divergence,C2a simult. cluster max-|t|,0.956,0.009172131704244116,0.01727165601418822,0.0,1.0,2.6469994979925104
50,3,0.7,0.03,contrast,C2a simult. cluster max-|t|,0.978,0.006559878047646925,0.010699716075797271,0.0,1.0,2.6469994979925104
50,3,0.7,0.03,divergence,C2b simult. Bonferroni-t,0.974,0.007116740827092135,0.019340940824681182,0.0,1.0,0.005477165999764111
50,3,0.7,0.03,contrast,C2b simult. Bonferroni-t,0.992,0.003983967871356396,0.011455596948989618,0.0,1.0,0.005477165999764111
50,3,0.7,0.03,divergence,C2c m-out-of-n cluster,0.934,0.01110351295761841,0.015048971744931567,0.0,1.0,1.5787138320010854
50,3,0.7,0.03,contrast,C2c m-out-of-n cluster,0.936,0.01094568408095172,0.008939379850888655,0.0,1.0,1.5787138320010854
